"Αναγνωριστικό δημοσίευσης","Αναγνωριστικό λογαριασμού","Όνομα χρήστη λογαριασμού","Όνομα λογαριασμού",Περιγραφή,"Διάρκεια (δευτ.)","Χρόνος δημοσίευσης","Μόνιμος σύνδεσμος","Τύπος δημοσίευσης","Σχόλιο δεδομένων",Ημερομηνία,"Μου αρέσει!",Κοινοποιήσεις,Απαντήσεις,Προβολές,Απήχηση,Likes,Shares
18018272462365161,17841454056970413,chaniabookfestival,"Chania Book Festival",,15,"06/26/2024 05:46",https://www.instagram.com/stories/chaniabookfestival/3398946402072788683,"Ιστορία στο Instagram",,"Από την αρχή",3,0,0,,
17924720888918998,17841454056970413,chaniabookfestival,"Chania Book Festival",,0,"07/06/2024 00:19",https://www.instagram.com/stories/chaniabookfestival/3406029249375859083,"Ιστορία στο Instagram",,"Από την αρχή",2,0,0,226,
18355238047106616,17841454056970413,chaniabookfestival,"Chania Book Festival",,0,"07/05/2024 09:07",https://www.instagram.com/stories/chaniabookfestival/3405570371278307414,"Ιστορία στο Instagram",,"Από την αρχή",3,0,0,134,
18019240589461364,17841454056970413,chaniabookfestival,"Chania Book Festival",,15,"07/05/2024 03:23",https://www.instagram.com/stories/chaniabookfestival/3405397648790951936,"Ιστορία στο Instagram",,"Από την αρχή",2,0,0,785,16
18034667735050396,17841454056970413,chaniabookfestival,"Chania Book Festival",,9,"07/04/2024 07:47",https://www.instagram.com/stories/chaniabookfestival/3404805378614164358,"Ιστορία στο Instagram",,"Από την αρχή",1,0,0,484,
18011168150592313,17841454056970413,chaniabookfestival,"Chania Book Festival",,0,"07/02/2024 07:26",https://www.instagram.com/stories/chaniabookfestival/3403345474518808679,"Ιστορία στο Instagram",,"Από την αρχή",2,0,0,220,
17931233951883576,17841454056970413,chaniabookfestival,"Chania Book Festival",,15,"07/01/2024 04:27",https://www.instagram.com/stories/chaniabookfestival/3402530499810431266,"Ιστορία στο Instagram",,"Από την αρχή",4,0,0,,18
18009440378294951,17841454056970413,chaniabookfestival,"Chania Book Festival","Σας ευχαριστούμε πολύ!",10,"06/30/2024 13:51",https://www.instagram.com/stories/chaniabookfestival/3402089674265614645,"Ιστορία στο Instagram",,"Από την αρχή",11,0,0,,5
18001080800397224,17841454056970413,chaniabookfestival,"Chania Book Festival","Κι έτσι όμορφα κλείνει το 3ο Φεστιβάλ Βιβλίου Χανίων! #chaniabookfestival",60,"06/30/2024 13:17",https://www.instagram.com/stories/chaniabookfestival/3402072656514892862,"Ιστορία στο Instagram",,"Από την αρχή",2,0,0,,7
18033283691090801,17841454056970413,chaniabookfestival,"Chania Book Festival","#chaniabookfestival Συναυλία με τα αδέλφια Καλογεράκη",11,"06/30/2024 12:41",https://www.instagram.com/stories/chaniabookfestival/3402054407828005736,"Ιστορία στο Instagram",,"Από την αρχή",3,0,0,,5
17997547418632761,17841454056970413,chaniabookfestival,"Chania Book Festival","Πώς μιλάμε για την ευρωπαϊκή λογοτεχνία σε μια Ευρώπη που αλλάζει; Συνομιλούν οι Χρήστος Αστερίου, Λευτέρης Καλοσπύρος και Γιάννης Δούκας",20,"06/30/2024 11:37",https://www.instagram.com/stories/chaniabookfestival/3402022220093097478,"Ιστορία στο Instagram",,"Από την αρχή",3,0,0,,5
18032736824039025,17841454056970413,chaniabookfestival,"Chania Book Festival",#ChaniaBookFestival,9,"06/30/2024 11:23",https://www.instagram.com/stories/chaniabookfestival/3402015006091627001,"Ιστορία στο Instagram",,"Από την αρχή",3,0,0,,5
18065480782510028,17841454056970413,chaniabookfestival,"Chania Book Festival","Ομιλητές: Δημήτρης Γαρρής, Αγγελίνα Μιχάλη, Γιώργος Νικηφοράκης, Νίκος Σγουρομάλλης Η περιπέτεια ενός περιοδικού: «Σαλιγκάρι» πρώτο τεύχος",27,"06/30/2024 11:15",https://www.instagram.com/stories/chaniabookfestival/3402012270532813344,"Ιστορία στο Instagram",,"Από την αρχή",2,0,0,,5
18053438269662675,17841454056970413,chaniabookfestival,"Chania Book Festival","Οι  Ιάκωβος Ανυφαντάκης και Γιάννης Νικολούδης συνομιλούν για τους δύο διαφορετικούς κρητικούς κόσμους που παρουσιάζονται στα μυθιστορήματά τους Δύο όψεις της Κρήτης",29,"06/30/2024 10:55",https://www.instagram.com/stories/chaniabookfestival/3402001154595432435,"Ιστορία στο Instagram",,"Από την αρχή",2,0,0,,5
18103907515405844,17841454056970413,chaniabookfestival,"Chania Book Festival","Ο Λουκάς Τσούκαλης συνομιλεί με τη Λένα Ματσιώρη για τις μεγάλες ευρωπαϊκές προκλήσεις και τη σημασία που έχουν τα αποτελέσματα των Ευρωεκλογών «Η ενηλικίωση της Ευρώπης» του Λουκά Τσούκαλη",50,"06/30/2024 10:50",https://www.instagram.com/stories/chaniabookfestival/3401998437323910623,"Ιστορία στο Instagram",,"Από την αρχή",2,0,0,,10
17985494642658371,17841454056970413,chaniabookfestival,"Chania Book Festival","«Αποσύνδεση» του Νίκου Ιατρού Ο συγγραφέας Νίκος Ιατρού συνομιλεί με τη Κυριακή Μπεϊόγλου, για το νέο του μυθιστόρημα",51,"06/30/2024 09:48",https://www.instagram.com/stories/chaniabookfestival/3401968224938507761,"Ιστορία στο Instagram",,"Από την αρχή",3,0,0,,7
17847857274219464,17841454056970413,chaniabookfestival,"Chania Book Festival","Οι Χρήστος Μαρκογιαννάκης και Τεύκρος Μιχαηλίδης συζητούν με τον Διονύση Μαρίνο για τα νέα τους βιβλία",14,"06/30/2024 09:35",https://www.instagram.com/stories/chaniabookfestival/3401960425143906894,"Ιστορία στο Instagram",,"Από την αρχή",1,0,0,,12
18006558788328867,17841454056970413,chaniabookfestival,"Chania Book Festival","Happening now",0,"06/30/2024 09:27",https://www.instagram.com/stories/chaniabookfestival/3401956532796129616,"Ιστορία στο Instagram",,"Από την αρχή",1,0,0,,7
18035189422974640,17841454056970413,chaniabookfestival,"Chania Book Festival","Για την Ευρώπη της Κρήτης, την Ευρώπη του μύθου, μιλάει ο Νίκος Ψιλάκης με αφορμή το βιβλίο του «Κρητική μυθολογία» Προλογίζει ο Βασίλης Κιμούλης",27,"06/30/2024 09:23",https://www.instagram.com/stories/chaniabookfestival/3401955040756364612,"Ιστορία στο Instagram",,"Από την αρχή",2,0,0,,9
18270558685239383,17841454056970413,chaniabookfestival,"Chania Book Festival","«Ανδρέας» του Ούγκο φον Χόφμανσταλ #chaniabookfestival Το έργο του Ούγκο φον Χόφμανσταλ σχολιάζουν οι Θεοχάρης Φραγκιουδάκης, Κατερίνα Φραγκάκη, Μαρία Φουρουντζόγλου",8,"06/30/2024 09:12",https://www.instagram.com/stories/chaniabookfestival/3401949171960278180,"Ιστορία στο Instagram",,"Από την αρχή",1,1,0,,9
18231969865285974,17841454056970413,chaniabookfestival,"Chania Book Festival","«Εν Χανίοις 2023» Για τo βιβλίο «Εν Χανίοις» μιλάει η Ζαχαρένια Σημανδηράκη",14,"06/30/2024 09:08",https://www.instagram.com/stories/chaniabookfestival/3401946922840402182,"Ιστορία στο Instagram",,"Από την αρχή",1,0,0,,9
18031433027501968,17841454056970413,chaniabookfestival,"Chania Book Festival",#chaniabookfestival,9,"06/30/2024 08:47",https://www.instagram.com/stories/chaniabookfestival/3401936248353417497,"Ιστορία στο Instagram",,"Από την αρχή",3,0,0,,16
17963322035773837,17841454056970413,chaniabookfestival,"Chania Book Festival","Η τελευταία μέρα του Μόλις ξεκίνησε! 📚",13,"06/30/2024 08:20",https://www.instagram.com/stories/chaniabookfestival/3401922747081923560,"Ιστορία στο Instagram",,"Από την αρχή",4,0,0,,9
18233026027274230,17841454056970413,chaniabookfestival,"Chania Book Festival","#chaniabookfestival @periklis_kouk @simandirakisp @chania.gr @creteregion @chania_culture @nastaya @vassiliskimoulis @kiriaki_beioglou",0,"06/30/2024 05:21",https://www.instagram.com/stories/chaniabookfestival/3401832620699480965,"Ιστορία στο Instagram",,"Από την αρχή",2,0,0,,4
18055232341637206,17841454056970413,chaniabookfestival,"Chania Book Festival","Εργαστήριο γυναικείας ποιητικής γραφής Παυλίνα Μάρβιν #chaniabookfestival",11,"06/30/2024 04:22",https://www.instagram.com/stories/chaniabookfestival/3401802952365676906,"Ιστορία στο Instagram",,"Από την αρχή",2,0,0,,9
17862828852170538,17841454056970413,chaniabookfestival,"Chania Book Festival","Η έννοια του εαυτού Εργαστήρια αυτοεκτίμησης για παιδιά #chaniabookfestival Άννα Νεμπαυλάκη Κωνσταντίνος Β. Πρώιμος Κωνσταντίνος Φίσερ Νίκος Καμπιανάκης",0,"06/30/2024 03:28",https://www.instagram.com/stories/chaniabookfestival/3401775922978874873,"Ιστορία στο Instagram",,"Από την αρχή",4,0,0,,11
18028448906125303,17841454056970413,chaniabookfestival,"Chania Book Festival",,0,"06/30/2024 00:33",https://www.instagram.com/stories/chaniabookfestival/3401688050170861503,"Ιστορία στο Instagram",,"Από την αρχή",1,0,0,,13
17859096042190209,17841454056970413,chaniabookfestival,"Chania Book Festival",,29,"06/29/2024 23:02",https://www.instagram.com/stories/chaniabookfestival/3401642155148719209,"Ιστορία στο Instagram",,"Από την αρχή",2,0,0,,
18044481820845925,17841454056970413,chaniabookfestival,"Chania Book Festival",,29,"06/29/2024 14:57",https://www.instagram.com/stories/chaniabookfestival/3401399149019631593,"Ιστορία στο Instagram",,"Από την αρχή",1,0,0,,
18038637100785604,17841454056970413,chaniabookfestival,"Chania Book Festival",,48,"06/29/2024 14:57",https://www.instagram.com/stories/chaniabookfestival/3401398730310560408,"Ιστορία στο Instagram",,"Από την αρχή",1,0,0,,
18013206548419544,17841454056970413,chaniabookfestival,"Chania Book Festival",,36,"06/29/2024 14:57",https://www.instagram.com/stories/chaniabookfestival/3401398195142539875,"Ιστορία στο Instagram",,"Από την αρχή",2,0,0,,
18024888209192454,17841454056970413,chaniabookfestival,"Chania Book Festival",,0,"06/29/2024 13:43",https://www.instagram.com/stories/chaniabookfestival/3401360637507488203,"Ιστορία στο Instagram",,"Από την αρχή",1,0,0,,
17929860107881587,17841454056970413,chaniabookfestival,"Chania Book Festival",,46,"06/29/2024 13:42",https://www.instagram.com/stories/chaniabookfestival/3401360838154679879,"Ιστορία στο Instagram",,"Από την αρχή",2,0,0,,
18260421151188862,17841454056970413,chaniabookfestival,"Chania Book Festival",,0,"06/29/2024 13:41",https://www.instagram.com/stories/chaniabookfestival/3401359528172738114,"Ιστορία στο Instagram",,"Από την αρχή",4,0,0,,
18282313546201852,17841454056970413,chaniabookfestival,"Chania Book Festival","Σαν παραμύθι άλλη μια μέρα στο Φεστιβάλ Βιβλίου Χανίων  #chaniabookfestival",0,"06/29/2024 13:37",https://www.instagram.com/stories/chaniabookfestival/3401357707593296017,"Ιστορία στο Instagram",,"Από την αρχή",8,0,0,,6
18010211045600769,17841454056970413,chaniabookfestival,"Chania Book Festival","«Σαν Νορμάλ» του Διονύση Μαρίνου",28,"06/29/2024 13:24",https://www.instagram.com/stories/chaniabookfestival/3401351073504555972,"Ιστορία στο Instagram",,"Από την αρχή",4,0,0,,5
18243446236268975,17841454056970413,chaniabookfestival,"Chania Book Festival","Ανδριάνα Μαρτίνες, Κλαούντια Νέιρα, Πιλάρ Ρέγιες, Χόρχε Βόλπι, Χουάν Κρουζ, Μανώλης Πιμπλής",13,"06/29/2024 13:22",https://www.instagram.com/stories/chaniabookfestival/3401350066376554825,"Ιστορία στο Instagram",,"Από την αρχή",4,0,0,,5
17852936592185530,17841454056970413,chaniabookfestival,"Chania Book Festival","Η βράβευση της Ρέας Γαλανάκη",10,"06/29/2024 13:09",https://www.instagram.com/stories/chaniabookfestival/3401343777739232695,"Ιστορία στο Instagram",,"Από την αρχή",5,0,0,,8
18045220657700941,17841454056970413,chaniabookfestival,"Chania Book Festival","«Επιχείρηση “Νόστος”» του Νικόλα Ζηργάνου",14,"06/29/2024 12:53",https://www.instagram.com/stories/chaniabookfestival/3401335615489345404,"Ιστορία στο Instagram",,"Από την αρχή",2,0,0,,8
17989065851657692,17841454056970413,chaniabookfestival,"Chania Book Festival","Ανδρέας Αποστολίδης, Γιάννης Μπασκόζος,Νικόλας Α. Σεβαστάκης, Νίκη Τρουλλινού Η λογοτεχνία στο μεταίχμιο δύο εποχών. Η λογοτεχνική και δημοκρατική κουλτούρα στην δικτατορία και στη Μεταπολίτευση. Πολιτισμικά περάσματα.",16,"06/29/2024 12:49",https://www.instagram.com/stories/chaniabookfestival/3401333364800635412,"Ιστορία στο Instagram",,"Από την αρχή",3,0,0,,8
18002473829364993,17841454056970413,chaniabookfestival,"Chania Book Festival","«Μαμά, εγώ δεν είμαι εγώ» του Κώστα Γανωτή «Άρρωστος σε ταξίδι» του Παναγιώτη Ευαγγελίδη",12,"06/29/2024 12:40",https://www.instagram.com/stories/chaniabookfestival/3401328906524030079,"Ιστορία στο Instagram",,"Από την αρχή",5,0,0,,8
17904510578914316,17841454056970413,chaniabookfestival,"Chania Book Festival","«Η βία της αποτυχίας» του Πέτρου Μάρκαρη",33,"06/29/2024 11:03",https://www.instagram.com/stories/chaniabookfestival/3401280100369438720,"Ιστορία στο Instagram",,"Από την αρχή",6,0,0,,18
17987822759679852,17841454056970413,chaniabookfestival,"Chania Book Festival","«Ο κύκλος. Επιστήμη και δημοκρατία σε ανήσυχους καιρούς»  Στέφανος Τραχανάς  #chaniabookfestival",47,"06/29/2024 10:57",https://www.instagram.com/stories/chaniabookfestival/3401277213270775286,"Ιστορία στο Instagram",,"Από την αρχή",4,0,0,,8
18029958616929685,17841454056970413,chaniabookfestival,"Chania Book Festival","Happening now  Μεγάλο Αρσενάλι 📍",0,"06/29/2024 10:49",https://www.instagram.com/stories/chaniabookfestival/3401273005150685139,"Ιστορία στο Instagram",,"Από την αρχή",5,0,0,,8
18051059662682819,17841454056970413,chaniabookfestival,"Chania Book Festival","Φταίνε οι Οθωμανοί για την απομάκρυνση των Νεοελλήνων από την Ευρώπη και τη νεοελληνική κακοδαιμονία; Ηλίας Κολοβός ,Γιάννης Σκαλιδάκης, Γιάννης Δημητρακάκης  #chaniabookfestival",41,"06/29/2024 10:24",https://www.instagram.com/stories/chaniabookfestival/3401260393348322653,"Ιστορία στο Instagram",,"Από την αρχή",4,0,0,,8
18329675677126897,17841454056970413,chaniabookfestival,"Chania Book Festival","«Για την καρδιά και το συκώτι του» της Λένας Διβάνη   συνομιλεί για το μυθιστόρημά της με την Ζωή Γεωργούλα και την  Ιω Ασηθιανάκη",42,"06/29/2024 10:20",https://www.instagram.com/stories/chaniabookfestival/3401258427796937293,"Ιστορία στο Instagram",,"Από την αρχή",2,0,0,,8
18014164889412579,17841454056970413,chaniabookfestival,"Chania Book Festival","«Η χρονιά που γεννήθηκε ο δαίμονας» του Santiago Roncagliolo «Μουσείο φυσικής ιστορίας» του Carlos Fonseca",9,"06/29/2024 10:07",https://www.instagram.com/stories/chaniabookfestival/3401252185556902089,"Ιστορία στο Instagram",,"Από την αρχή",2,0,0,,8
18011045822598664,17841454056970413,chaniabookfestival,"Chania Book Festival","Η Σάρα Μέσα συνομιλεί με τη Γουαδαλούπε Νέτελ, την Πιλάρ Τένα και την Αδριάνα Μαρτίνες #chaniabookfestival",7,"06/29/2024 09:21",https://www.instagram.com/stories/chaniabookfestival/3401228697303338282,"Ιστορία στο Instagram",,"Από την αρχή",3,0,0,,8
18036278089958304,17841454056970413,chaniabookfestival,"Chania Book Festival","«Ο πατέρας κι εγώ» της Dilek Güngör  Τέο Βότσος και o Χρήστος Αστερίου #chaniabookfestival",25,"06/29/2024 09:04",https://www.instagram.com/stories/chaniabookfestival/3401220471115615701,"Ιστορία στο Instagram",,"Από την αρχή",2,0,0,,8
18035602618996219,17841454056970413,chaniabookfestival,"Chania Book Festival","Βιβλιοθήκες και δημοκρατία #chaniabookfestival",17,"06/29/2024 07:55",https://www.instagram.com/stories/chaniabookfestival/3401185466855344154,"Ιστορία στο Instagram",,"Από την αρχή",3,0,0,,8
17863561512163858,17841454056970413,chaniabookfestival,"Chania Book Festival","4η μέρα του Φεστιβάλ Βιβλίου Χανίων  #chaniabookfestival",0,"06/29/2024 07:45",https://www.instagram.com/stories/chaniabookfestival/3401180408944081235,"Ιστορία στο Instagram",,"Από την αρχή",6,0,0,,8
18002108795384596,17841454056970413,chaniabookfestival,"Chania Book Festival",,15,"06/29/2024 05:16",https://www.instagram.com/stories/chaniabookfestival/3401105507734515017,"Ιστορία στο Instagram",,"Από την αρχή",3,0,0,,8
18063807082575664,17841454056970413,chaniabookfestival,"Chania Book Festival",,0,"06/29/2024 05:07",https://www.instagram.com/stories/chaniabookfestival/3401100864086269557,"Ιστορία στο Instagram",,"Από την αρχή",2,0,0,,8
17920880591926619,17841454056970413,chaniabookfestival,"Chania Book Festival","Εργαστήριο για εκπαιδευτικούς
 Μελίνα Ηλιοπούλου #chaniabookfestival",13,"06/29/2024 02:49",https://www.instagram.com/stories/chaniabookfestival/3401031759614376262,"Ιστορία στο Instagram",,"Από την αρχή",3,0,0,,8
18069637963533719,17841454056970413,chaniabookfestival,"Chania Book Festival","Μπλε σάκοι: Ενώνουμε λέξεις, 
φτιάχνουμε αφηγήσεις Εργαστήριο για ενήλικες και
οικογένειες με παιδιά  Μαρία Α. Δρακάκη #chaniabookfestival",9,"06/29/2024 02:33",https://www.instagram.com/stories/chaniabookfestival/3401023764071354548,"Ιστορία στο Instagram",,"Από την αρχή",2,0,0,,11
18036479290949413,17841454056970413,chaniabookfestival,"Chania Book Festival","Μουσικοθεατρικά κλείνει η σημερινή βραδιά! #chaniabookfestival 🎭",13,"06/28/2024 15:07",https://www.instagram.com/stories/chaniabookfestival/3400678232861956840,"Ιστορία στο Instagram",,"Από την αρχή",6,0,0,,3
18007052117546486,17841454056970413,chaniabookfestival,"Chania Book Festival","Ο Δημήτρης Μανιάτης #chaniabookfestival Συζητά για το έργο του «Η Καγκέλω»",20,"06/28/2024 13:01",https://www.instagram.com/stories/chaniabookfestival/3400614776406273634,"Ιστορία στο Instagram",,"Από την αρχή",3,0,0,,7
18005072303614314,17841454056970413,chaniabookfestival,"Chania Book Festival","Ευρωπαϊκή λογοτεχνία και επ-ανάσταση  Η Αντιγόνη Βλαβιανού και η Τιτίκα Δημητρούλια  #chaniabookfestival",30,"06/28/2024 12:51",https://www.instagram.com/stories/chaniabookfestival/3400609979422634701,"Ιστορία στο Instagram",,"Από την αρχή",1,0,0,,3
18121847947327406,17841454056970413,chaniabookfestival,"Chania Book Festival","«Οι Εξισώσεις» του Βασίλειου Φ. Δρόλια Ο Βασίλειος Δρόλιας συνομιλεί με τον Βασίλη Κιμούλη  #chaniabookfestival",51,"06/28/2024 12:30",https://www.instagram.com/stories/chaniabookfestival/3400599056247045348,"Ιστορία στο Instagram",,"Από την αρχή",1,0,0,,3
18022006109466514,17841454056970413,chaniabookfestival,"Chania Book Festival","Συζητάνε για τα Γράμματα και τις ιδέες στη δικτατορία και στις αρχές της Μεταπολίτευσης 
Οι συζητητές της εκδήλωσης, Ρέα Γαλανάκη, Αλέξης Ζήρας, με συντονιστή τον Γιάννη Πανταζόπουλο #chaniabookfestival",20,"06/28/2024 12:00",https://www.instagram.com/stories/chaniabookfestival/3400583894123256399,"Ιστορία στο Instagram",,"Από την αρχή",1,0,0,,3
18030460916117837,17841454056970413,chaniabookfestival,"Chania Book Festival","«Η δίκη μας πλευρά της νύχτας» της Mariana Enríquez Η Μαριάνα Ενρίκες συνομιλεί με την Πιλάρ Τένα και αναλύουν το έργο  #chaniabookfestival",46,"06/28/2024 11:53",https://www.instagram.com/stories/chaniabookfestival/3400580517070904824,"Ιστορία στο Instagram",,"Από την αρχή",5,0,0,,3
17947289162815547,17841454056970413,chaniabookfestival,"Chania Book Festival","Ομιλητής: Άγγελος Χανιώτης #chaniabookfestival Η Ευρώπη της Εποχής των Κατακτήσεων: Από τον Μακεδόνα Φίλιππο στον φιλέλληνα Αδριανό",21,"06/28/2024 10:52",https://www.instagram.com/stories/chaniabookfestival/3400550037785389352,"Ιστορία στο Instagram",,"Από την αρχή",1,0,0,,3
18013320410431837,17841454056970413,chaniabookfestival,"Chania Book Festival","Οι συγγραφείς Ελένη Πριοβόλου και Σταύρος Χριστοδούλου συνομιλούν με αφορμή τα μυθιστορήματά τους.  #chaniabookfestival",32,"06/28/2024 10:50",https://www.instagram.com/stories/chaniabookfestival/3400549185318233778,"Ιστορία στο Instagram",,"Από την αρχή",1,0,0,,4
18297402007162122,17841454056970413,chaniabookfestival,"Chania Book Festival","«Ο χορός της προδοσίας» του Mathias Énard Ο Ματιάς Ενάρ συνομιλεί με τον δημοσιογράφο Δημήτρη Δουλγερίδη #chaniabookfestival",11,"06/28/2024 10:45",https://www.instagram.com/stories/chaniabookfestival/3400546567468566668,"Ιστορία στο Instagram",,"Από την αρχή",3,0,0,,5
18450688261054674,17841454056970413,chaniabookfestival,"Chania Book Festival","Οι Κώστας Αθανασίου, Ρίτα Κολαΐτη, Ντέιβιντ Κόνολι, Κατερίνα Σχινά συζητούν  για Την εμπειρία της μετάφρασης και τη σημασία της για τη λογοτεχνία και τη γλώσσα #chaniabookfestival",23,"06/28/2024 09:49",https://www.instagram.com/stories/chaniabookfestival/3400517990358413473,"Ιστορία στο Instagram",,"Από την αρχή",3,0,0,,5
18102448330416930,17841454056970413,chaniabookfestival,"Chania Book Festival","Η Μαρίνα Αρετάκη, συνομιλεί με τον Γιάννη Κιουρτσάκη «Σεφέρης και Καμύ: Ζήτημα φωτός» #chaniabookfestival",23,"06/28/2024 09:48",https://www.instagram.com/stories/chaniabookfestival/3400517865669971686,"Ιστορία στο Instagram",,"Από την αρχή",1,0,0,,5
18035473768960507,17841454056970413,chaniabookfestival,"Chania Book Festival","Ο Μενέλαος Χαραλαμπίδης συνομιλεί για το βιβλίο του με τον Μανώλη Πιμπλή «Οι δωσίλογοι» του Μενέλαου Χαραλαμπίδη #chaniabookfestival",40,"06/28/2024 09:40",https://www.instagram.com/stories/chaniabookfestival/3400513681986069105,"Ιστορία στο Instagram",,"Από την αρχή",1,0,0,,5
18019331246363065,17841454056970413,chaniabookfestival,"Chania Book Festival","Ο Trivialist συνομιλεί με την Αναστασία Γιαννακοπούλου Επιστήμη και Social Media: Ευρωπαϊκές Ιστορίες εντός και εκτός σύνδεσης #chaniabookfestival",53,"06/28/2024 09:04",https://www.instagram.com/stories/chaniabookfestival/3400495764716211286,"Ιστορία στο Instagram",,"Από την αρχή",3,0,0,,5
18232672114282064,17841454056970413,chaniabookfestival,"Chania Book Festival","Ο Ίλια Λέοναρντ Πφέιφερ συνομιλεί με τον Γρηγόρη Μπέκο  για το νέο του μυθιστόρημα γύρω από τις πολλαπλές αντιφάσεις της ευρωπαϊκής ταυτότητας #chaniabookfestival",14,"06/28/2024 08:55",https://www.instagram.com/stories/chaniabookfestival/3400491120002855832,"Ιστορία στο Instagram",,"Από την αρχή",3,0,0,,5
18008496515304373,17841454056970413,chaniabookfestival,"Chania Book Festival","3η μέρα του Φεστιβάλ Βιβλίου Χανίων #chaniabookfestival",0,"06/28/2024 08:48",https://www.instagram.com/stories/chaniabookfestival/3400487547596559529,"Ιστορία στο Instagram",,"Από την αρχή",2,0,0,,5
17984482559689496,17841454056970413,chaniabookfestival,"Chania Book Festival",,15,"06/28/2024 08:42",https://www.instagram.com/stories/chaniabookfestival/3400484661764313519,"Ιστορία στο Instagram",,"Από την αρχή",2,0,0,,18
18272572858234791,17841454056970413,chaniabookfestival,"Chania Book Festival",#chaniabookfestival,0,"06/28/2024 07:06",https://www.instagram.com/stories/chaniabookfestival/3400435968277328879,"Ιστορία στο Instagram",,"Από την αρχή",2,0,0,,
18038089993793038,17841454056970413,chaniabookfestival,"Chania Book Festival","#chaniabookfestival @creteregion @chania.gr @chania_culture",0,"06/28/2024 07:05",https://www.instagram.com/stories/chaniabookfestival/3400435465942306869,"Ιστορία στο Instagram",,"Από την αρχή",2,0,0,,
18441268042021856,17841454056970413,chaniabookfestival,"Chania Book Festival","@chania_culture @chania.gr @creteregion  #chaniabookfestival",0,"06/28/2024 07:03",https://www.instagram.com/stories/chaniabookfestival/3400434737089837792,"Ιστορία στο Instagram",,"Από την αρχή",2,0,0,,
18128691556358171,17841454056970413,chaniabookfestival,"Chania Book Festival","@creteregion @chania.gr @chania_culture  #chaniabookfestival",0,"06/28/2024 07:02",https://www.instagram.com/stories/chaniabookfestival/3400434205646180937,"Ιστορία στο Instagram",,"Από την αρχή",1,0,0,,
18269629468214050,17841454056970413,chaniabookfestival,"Chania Book Festival","@chania_culture @chania.gr @creteregion  #chaniabookfestival",0,"06/28/2024 07:01",https://www.instagram.com/stories/chaniabookfestival/3400433763642068416,"Ιστορία στο Instagram",,"Από την αρχή",1,0,0,,
18267243808170082,17841454056970413,chaniabookfestival,"Chania Book Festival",,0,"06/28/2024 06:59",https://www.instagram.com/stories/chaniabookfestival/3400432662444494011,"Ιστορία στο Instagram",,"Από την αρχή",1,0,0,,7
18015533816176202,17841454056970413,chaniabookfestival,"Chania Book Festival","Αθηνά Ντούλια Κοσμάς Λιλικάκης Άννα Νεμπαυλάκη Κρυψώνες αυτοεκτίμησης
Βιωματικό εργαστήριο #chaniabookfestival",6,"06/28/2024 02:32",https://www.instagram.com/stories/chaniabookfestival/3400298287102705304,"Ιστορία στο Instagram",,"Από την αρχή",3,0,0,,8
18022063070263145,17841454056970413,chaniabookfestival,"Chania Book Festival","Η μαγεία συνεχίζεται αύριο 🌙 📖",0,"06/27/2024 13:59",https://www.instagram.com/stories/chaniabookfestival/3399919316284488226,"Ιστορία στο Instagram",,"Από την αρχή",4,0,0,,3
18044622571844328,17841454056970413,chaniabookfestival,"Chania Book Festival","Performance βασισμένη στον ποιητικό λόγο, τη φωνή και τη μουσική  Η Παυλίνα Μάρβιν και ο Κρέων Κανακάρης #chaniabookfestival",12,"06/27/2024 13:08",https://www.instagram.com/stories/chaniabookfestival/3399893750399461781,"Ιστορία στο Instagram",,"Από την αρχή",1,0,0,,3
18081885082473202,17841454056970413,chaniabookfestival,"Chania Book Festival","Ο Γιάννης Χαμηλάκης συνομιλεί με τον Μανώλη Πιμπλή Η αρχαιολογική κατασκευή της Ευρώπης: ο οριενταλισμός, οι μύθοι της λευκότητάς και ο Παγκόσμιος Νότος #chaniabookfestival",9,"06/27/2024 13:02",https://www.instagram.com/stories/chaniabookfestival/3399890387666638992,"Ιστορία στο Instagram",,"Από την αρχή",2,0,0,,3
18044413294844296,17841454056970413,chaniabookfestival,"Chania Book Festival","Ο Δημήτρης Μιχελογιάννης συνομιλεί με τη Λένα Διβάνη και τον Φοίβο Τσαραβόπουλο «Τα Μονοπάτια μου στην Κρήτη: Αποκόρωνας»  #chaniabookfestival",60,"06/27/2024 12:50",https://www.instagram.com/stories/chaniabookfestival/3399884512243519524,"Ιστορία στο Instagram",,"Από την αρχή",1,0,0,,4
18039340780753103,17841454056970413,chaniabookfestival,"Chania Book Festival","Η Σοφία Νικολαΐδου συνομιλεί με τη Μικέλα Χαρτουλάρη για το νέο της μυθιστόρημα «Δικά μας παιδιά» #chaniabookfestival",24,"06/27/2024 12:45",https://www.instagram.com/stories/chaniabookfestival/3399881816539176571,"Ιστορία στο Instagram",,"Από την αρχή",2,0,0,,4
18305273419080109,17841454056970413,chaniabookfestival,"Chania Book Festival","Συζήτηση ανάμεσα στην Νίκη Τρουλλινού  και την Άννα Λαμπαρδάκη.  #chaniabookfestival Η συγγραφέας Αντωνία Μποτονάκη απευθύνει χαιρετισμό και συνομιλεί με το κοινό Την τρίτη ποιητική συλλογή της συγγραφέως θα παρουσιάσει η φιλόλογος Βαρβάρα Περράκη.",11,"06/27/2024 11:59",https://www.instagram.com/stories/chaniabookfestival/3399858973126553952,"Ιστορία στο Instagram",,"Από την αρχή",2,0,0,,4
18014639837412076,17841454056970413,chaniabookfestival,"Chania Book Festival","Ευρώπη, παρελθόν και μέλλον
Ο Άντονι Πάγκντεν συζητά με τη Λένα Ματσιώρη «Η επιδίωξη της Ευρώπης» του Anthony Pagden #chaniabookfestival",13,"06/27/2024 11:30",https://www.instagram.com/stories/chaniabookfestival/3399844413070059160,"Ιστορία στο Instagram",,"Από την αρχή",1,0,0,,4
18016702814149242,17841454056970413,chaniabookfestival,"Chania Book Festival","Η Λίλα Τρουλινού με την Σίτσα Κοτσιφάκη και τον Δημήτρη Κιοστεράκη συζητούν για τη νουβέλα της  #chaniabookfestival",13,"06/27/2024 11:08",https://www.instagram.com/stories/chaniabookfestival/3399833218766101407,"Ιστορία στο Instagram",,"Από την αρχή",1,0,0,,4
18042086053737391,17841454056970413,chaniabookfestival,"Chania Book Festival","«Η κατάλυση του χρόνου» του Μιχάλη Αλμπάτη & «Δυναμώστε τη μουσική, παρακαλώ» του Μιχάλη Μαλανδράκη  Ο Μιχάλης Αλμπάτης και Μιχάλης Μαλανδράκης συνομιλούν για τα νέα τους βιβλία με την Κατερίνα Φράγκου #chaniabookfestival",49,"06/27/2024 10:55",https://www.instagram.com/stories/chaniabookfestival/3399826718970741054,"Ιστορία στο Instagram",,"Από την αρχή",2,0,0,,
17855742984163380,17841454056970413,chaniabookfestival,"Chania Book Festival","Συνομιλούν ο Κώστας Καλτσάς και ο Τεύκρος Μιχαηλίδης. Διαφορετικές προσεγγίσεις στο ιστορικό μυθιστόρημα #chaniabookfestival",44,"06/27/2024 10:51",https://www.instagram.com/stories/chaniabookfestival/3399824800655572649,"Ιστορία στο Instagram",,"Από την αρχή",2,0,0,,4
18027411464490370,17841454056970413,chaniabookfestival,"Chania Book Festival","Ο Γκεόργκι Γκοσποντίνοφ συνομιλεί με τη Κυριακή Μπεϊόγλου. 
Προλογίζει ο Νίκος Αργύρης Ευρώπη, παρελθόν και μέλλον #chaniabookfestival",47,"06/27/2024 10:30",https://www.instagram.com/stories/chaniabookfestival/3399814178177931991,"Ιστορία στο Instagram",,"Από την αρχή",1,0,0,,4
18437434300009691,17841454056970413,chaniabookfestival,"Chania Book Festival","@nargyris 
 @kiriaki_beioglou  Happening now @gaustin4",12,"06/27/2024 10:20",https://www.instagram.com/stories/chaniabookfestival/3399810725225506500,"Ιστορία στο Instagram",,"Από την αρχή",2,0,0,,
18337096822184630,17841454056970413,chaniabookfestival,"Chania Book Festival","Ο Αλέξανδρος Χατζηπαναγιώτης αναδεικνύει την ιστορία και τη μυθολογία, τα ήθη και τα έθιμα, τους θρύλους και τη λαογραφία της Κρήτης #chaniabookfestival",15,"06/27/2024 10:08",https://www.instagram.com/stories/chaniabookfestival/3399802719691751150,"Ιστορία στο Instagram",,"Από την αρχή",1,0,0,,4
18121775287367391,17841454056970413,chaniabookfestival,"Chania Book Festival","Η Ιωάννα Μπουραζοπούλου συνομιλεί με τη Μικέλα Χαρτουλάρη  Αναφορά στην αφορμή της ολοκλήρωσης της μυθιστορηματικής τριλογίας «Ο δράκος της Πρέσπας» #chaniabookfestival",57,"06/27/2024 09:56",https://www.instagram.com/stories/chaniabookfestival/3399796860475600700,"Ιστορία στο Instagram",,"Από την αρχή",3,0,0,,4
18231717913263248,17841454056970413,chaniabookfestival,"Chania Book Festival","για το έργο του «Τέλεση», ένα ψυχολογικό θρίλερ αναφερόμενο στις δυνάμεις της δημιουργίας και της καταστροφής που κρύβουμε μέσα μας  Ο Φώτης Δούσος συνομιλεί με τη Αλεξάνδρα Χριστακάκη  #chaniabookfestival",53,"06/27/2024 09:49",https://www.instagram.com/stories/chaniabookfestival/3399793304150382917,"Ιστορία στο Instagram",,"Από την αρχή",2,0,0,,5
18090877534443737,17841454056970413,chaniabookfestival,"Chania Book Festival","Η Κάρα Χόφμαν συνομιλεί με τον Διονύση Μαρίνο Παρουσιάζουν το έργο της «Οι κράχτες» εμπνευσμένο από μια ιστορία επιβίωσης  #chaniabookfestival",51,"06/27/2024 09:23",https://www.instagram.com/stories/chaniabookfestival/3399780384427289235,"Ιστορία στο Instagram",,"Από την αρχή",3,0,0,,5
18009954947271821,17841454056970413,chaniabookfestival,"Chania Book Festival","Συνομιλούν η Σέβη Αμανατίδου-Βολουδάκη, η Εμμανουέλα Κατζουράκη και η Μαριάννα Σκυλακάκη «Μπορεί η μετάβαση σε έναν κόσμο που δεν είναι τόσο συμπεριληπτικός να μην είναι πολύ εύκολη»  #chaniabookfestival",12,"06/27/2024 09:05",https://www.instagram.com/stories/chaniabookfestival/3399770994169169857,"Ιστορία στο Instagram",,"Από την αρχή",1,0,0,,5
18052551841676853,17841454056970413,chaniabookfestival,"Chania Book Festival","Είναι το διάβασμα απόλαυση για τους νέους; Παρουσιάζουν την έρευνα του 2023 η Αναστασία Γιαννακοπούλου και Γιάννης Αγγέλου #chaniabookfestival",59,"06/27/2024 08:53",https://www.instagram.com/stories/chaniabookfestival/3399765130339274533,"Ιστορία στο Instagram",,"Από την αρχή",4,0,0,,5
17883176256074031,17841454056970413,chaniabookfestival,"Chania Book Festival","2η μέρα του Φεστιβάλ Βιβλίου Χανίων  #chaniabookfestival",0,"06/27/2024 08:34",https://www.instagram.com/stories/chaniabookfestival/3399755427118991738,"Ιστορία στο Instagram",,"Από την αρχή",2,0,0,,5
17925108527911926,17841454056970413,chaniabookfestival,"Chania Book Festival","#chaniabookfestival @creteregion @chania.gr @chania_culture",0,"06/27/2024 07:27",https://www.instagram.com/stories/chaniabookfestival/3399721997786276142,"Ιστορία στο Instagram",,"Από την αρχή",1,0,0,,
18045692845840165,17841454056970413,chaniabookfestival,"Chania Book Festival","#chaniabookfestival  @chania_culture @chania.gr @creteregion",0,"06/27/2024 07:26",https://www.instagram.com/stories/chaniabookfestival/3399721631556459047,"Ιστορία στο Instagram",,"Από την αρχή",1,0,0,,
18040415263920925,17841454056970413,chaniabookfestival,"Chania Book Festival","#chaniabookfestival @chania_culture @creteregion @chania.gr",0,"06/27/2024 07:01",https://www.instagram.com/stories/chaniabookfestival/3399708804720439633,"Ιστορία στο Instagram",,"Από την αρχή",1,0,0,,
18020028419463183,17841454056970413,chaniabookfestival,"Chania Book Festival","@chania.gr @creteregion @chania_culture  #chaniabookfestival",0,"06/27/2024 06:46",https://www.instagram.com/stories/chaniabookfestival/3399701510641397780,"Ιστορία στο Instagram",,"Από την αρχή",1,0,0,,
18010326374266858,17841454056970413,chaniabookfestival,"Chania Book Festival",,15,"06/27/2024 06:45",https://www.instagram.com/stories/chaniabookfestival/3399700885580893994,"Ιστορία στο Instagram",,"Από την αρχή",2,0,0,,18
17856441342197908,17841454056970413,chaniabookfestival,"Chania Book Festival",,0,"06/27/2024 06:43",https://www.instagram.com/stories/chaniabookfestival/3399699863202475830,"Ιστορία στο Instagram",,"Από την αρχή",1,0,0,,5
18339886771142997,17841454056970413,chaniabookfestival,"Chania Book Festival","#chaniabookfestival @creteregion @chania.gr @chania_culture",0,"06/27/2024 06:41",https://www.instagram.com/stories/chaniabookfestival/3399698978900691645,"Ιστορία στο Instagram",,"Από την αρχή",1,0,0,,
18077802025450381,17841454056970413,chaniabookfestival,"Chania Book Festival","#chaniabookfestival @chania_culture @chania.gr @creteregion",0,"06/27/2024 06:40",https://www.instagram.com/stories/chaniabookfestival/3399698499214773939,"Ιστορία στο Instagram",,"Από την αρχή",1,0,0,,
18086424121463062,17841454056970413,chaniabookfestival,"Chania Book Festival","#chaniabookfestival @creteregion @chania.gr @chania_culture",0,"06/27/2024 06:40",https://www.instagram.com/stories/chaniabookfestival/3399698066740301351,"Ιστορία στο Instagram",,"Από την αρχή",2,0,0,,
17957417102787295,17841454056970413,chaniabookfestival,"Chania Book Festival","#chaniabookfestival  @chania_culture @chania.gr @creteregion",0,"06/27/2024 06:39",https://www.instagram.com/stories/chaniabookfestival/3399697574052165278,"Ιστορία στο Instagram",,"Από την αρχή",1,0,0,,
17930506565894664,17841454056970413,chaniabookfestival,"Chania Book Festival","#chaniabookfestival  @creteregion @chania.gr @chania_culture",0,"06/27/2024 06:37",https://www.instagram.com/stories/chaniabookfestival/3399696849880305021,"Ιστορία στο Instagram",,"Από την αρχή",2,0,0,,
17977968242582054,17841454056970413,chaniabookfestival,"Chania Book Festival",,0,"06/27/2024 06:31",https://www.instagram.com/stories/chaniabookfestival/3399693864123061788,"Ιστορία στο Instagram",,"Από την αρχή",1,0,0,,
18071265016524440,17841454056970413,chaniabookfestival,"Chania Book Festival",,8,"06/27/2024 02:42",https://www.instagram.com/stories/chaniabookfestival/3399578652489407564,"Ιστορία στο Instagram",,"Από την αρχή",2,0,0,,
18044837956836904,17841454056970413,chaniabookfestival,"Chania Book Festival","Παιδικό εργαστήριο με την Μελίνα Ηλιοπούλου #chaniabookfestival",8,"06/27/2024 02:34",https://www.instagram.com/stories/chaniabookfestival/3399574368704178468,"Ιστορία στο Instagram",,"Από την αρχή",1,0,0,,5
18061530244582728,17841454056970413,chaniabookfestival,"Chania Book Festival","Παιδικό εργαστήριο
με τη Βαλεντίνα Παπαδημητράκη  #chaniabookfestival",32,"06/27/2024 01:56",https://www.instagram.com/stories/chaniabookfestival/3399555442435693747,"Ιστορία στο Instagram",,"Από την αρχή",4,0,0,,7
18439368883031961,17841454056970413,chaniabookfestival,"Chania Book Festival","Σας περιμένουμε και αύριο! #chaniabookfestival",0,"06/26/2024 12:51",https://www.instagram.com/stories/chaniabookfestival/3399160492611224339,"Ιστορία στο Instagram",,"Από την αρχή",5,0,0,,5
17974858109598066,17841454056970413,chaniabookfestival,"Chania Book Festival","#chaniabookfestival Λίγα λόγια από τον διευθυντή του ΦΒΧ Μανώλη Πιμπλή",11,"06/26/2024 12:39",https://www.instagram.com/stories/chaniabookfestival/3399154310341388061,"Ιστορία στο Instagram",,"Από την αρχή",4,0,0,,5
18019228001099572,17841454056970413,chaniabookfestival,"Chania Book Festival","#chaniabookfestival Χαιρετισμός από τον δήμαρχο Παναγιώτη Σημανδηράκη",15,"06/26/2024 12:24",https://www.instagram.com/stories/chaniabookfestival/3399146518842901254,"Ιστορία στο Instagram",,"Από την αρχή",3,0,0,,5
18022703771057236,17841454056970413,chaniabookfestival,"Chania Book Festival","Χαιρετισμοί από τον αντιπεριφερειάρχη Νίκο Καλογερή #chaniabookfestival",15,"06/26/2024 12:15",https://www.instagram.com/stories/chaniabookfestival/3399142166304534542,"Ιστορία στο Instagram",,"Από την αρχή",3,0,0,,5
18077664745446998,17841454056970413,chaniabookfestival,"Chania Book Festival","Η Λέτα Σεμάντενι συνομιλεί για το βιβλίο της με τον Τέο Βότσο και την Κυριακή Τσολάκη #chaniabookfestival",56,"06/26/2024 11:34",https://www.instagram.com/stories/chaniabookfestival/3399123988241255469,"Ιστορία στο Instagram",,"Από την αρχή",5,0,0,,5
18051914941674980,17841454056970413,chaniabookfestival,"Chania Book Festival","Ο Κώστας Μουτζούρης συνομιλεί με την Γιώγια Σιώκου και μιλάει για το έργο της #chaniabookfestival",11,"06/26/2024 11:08",https://www.instagram.com/stories/chaniabookfestival/3399108550040152289,"Ιστορία στο Instagram",,"Από την αρχή",2,0,0,,5
18007122953318448,17841454056970413,chaniabookfestival,"Chania Book Festival","#chaniabookfestival Ο Γεώργιος-Στυλιανός Πρεβελάκης με τον Μανώλη Πιμπλή συζητούν για τα γεωπολιτικά δεδομένα που αλλάζουν",16,"06/26/2024 11:05",https://www.instagram.com/stories/chaniabookfestival/3399106802575561441,"Ιστορία στο Instagram",,"Από την αρχή",3,0,0,,5
18019616309098821,17841454056970413,chaniabookfestival,"Chania Book Festival","Στόχος να ταυτίσουμε το φεστιβάλ βιβλίου με τα Χανιά  #chaniabookfestival @chania_culture @chania.gr @creteregion  @simandirakisp",16,"06/26/2024 10:38",https://www.instagram.com/stories/chaniabookfestival/3399093394073684745,"Ιστορία στο Instagram",,"Από την αρχή",3,0,0,,5
17889078033048385,17841454056970413,chaniabookfestival,"Chania Book Festival","#chaniabookfest24  ο Γιάννης Παλαβός  ξετυλίγει το νήμα της συγγραφής του βιβλίου και συζητά με τον Γιάννη Πανταζόπουλο",40,"06/26/2024 10:17",https://www.instagram.com/stories/chaniabookfestival/3399082938521033009,"Ιστορία στο Instagram",,"Από την αρχή",4,0,0,,5
18443410066016653,17841454056970413,chaniabookfestival,"Chania Book Festival","Συνομιλία με το @diktyofm 
Αντιδήμαρχος πολιτισμού Γιάννης Γιαννακάκης #chaniabookfest24  @chania.gr @creteregion @chania_culture",12,"06/26/2024 09:56",https://www.instagram.com/stories/chaniabookfestival/3399071980406830264,"Ιστορία στο Instagram",,"Από την αρχή",4,0,0,,5
17926370270910995,17841454056970413,chaniabookfestival,"Chania Book Festival","Η Ζοέλ Λοπινό συνομιλεί με τη 
 Αλεξάνδρα Χριστακάκη για το βιβλίο της που αποκαλύπτει άγνωστες πτυχές της ιστορίας της Κρήτης #chaniabookfest24",39,"06/26/2024 09:50",https://www.instagram.com/stories/chaniabookfestival/3399068995647703917,"Ιστορία στο Instagram",,"Από την αρχή",4,0,0,,5
18038980630934848,17841454056970413,chaniabookfestival,"Chania Book Festival","Το @diktyofm  συνομιλεί με τον Αντιπεριφερειάρχη Χανίων Νίκο Καλογερή @chania.gr @creteregion @chania_culture",10,"06/26/2024 09:39",https://www.instagram.com/stories/chaniabookfestival/3399063757759043684,"Ιστορία στο Instagram",,"Από την αρχή",3,0,0,,
18082402630481378,17841454056970413,chaniabookfestival,"Chania Book Festival","#chaniabookfest24 Η Ρούλα Βουράκη συνομιλεί για το νέο της βιβλίο με τη Βαρβάρα Περράκη και τον Χρήστο Μαχαιρίδη",60,"06/26/2024 09:11",https://www.instagram.com/stories/chaniabookfestival/3399052369577804566,"Ιστορία στο Instagram",,"Από την αρχή",6,0,0,,5
17902602216004790,17841454056970413,chaniabookfestival,"Chania Book Festival","δημιουργούν με το κοινό και για το κοινό ποιήματα #chaniabookfest24 Οι «γραφούλες» Παυλίνα Μάρβιν και Τώνια Τζιρίτα Ζαχαράτου",10,"06/26/2024 08:56",https://www.instagram.com/stories/chaniabookfestival/3399042053007480700,"Ιστορία στο Instagram",,"Από την αρχή",5,0,0,,5
18052312288708941,17841454056970413,chaniabookfestival,"Chania Book Festival","#chaniabookfest24 Η Λεϊλά Τσαπάν και Νιγκιάρ Τσαπάν διαβάζουν κείμενο του πατέρα τους Τζεβάτ Τσαπάν Με την Άνθη Καρρά και τον Ματθαίο Φραντζεσκάκη",28,"06/26/2024 08:36",https://www.instagram.com/stories/chaniabookfestival/3399031825885264542,"Ιστορία στο Instagram",,"Από την αρχή",5,0,0,,5
18007991879305320,17841454056970413,chaniabookfestival,"Chania Book Festival","Ξεκινάμε! #chaniabookfest24 ⏳",4,"06/26/2024 07:51",https://www.instagram.com/stories/chaniabookfestival/3399009185745242649,"Ιστορία στο Instagram",,"Από την αρχή",8,0,0,,5
18030063398039478,17841454056970413,chaniabookfestival,"Chania Book Festival",,0,"06/06/2024 11:25",https://www.instagram.com/stories/chaniabookfestival/3384621274983611308,"Ιστορία στο Instagram",,"Από την αρχή",1,0,0,,
18052199548712794,17841454056970413,chaniabookfestival,"Chania Book Festival",,2,"06/06/2024 11:24",https://www.instagram.com/stories/chaniabookfestival/3384620899962671401,"Ιστορία στο Instagram",,"Από την αρχή",1,0,0,,
17999286731429373,17841454056970413,chaniabookfestival,"Chania Book Festival",,15,"06/26/2024 02:53",https://www.instagram.com/stories/chaniabookfestival/3398859276035516559,"Ιστορία στο Instagram",,"Από την αρχή",7,0,0,,19
18011871326239310,17841454056970413,chaniabookfestival,"Chania Book Festival","Πρόγραμμα Εκδηλώσεων  Το 3ο Φεστιβάλ Βιβλίου Χανίων 
ξεκινάει!!!",2,"06/26/2024 00:23",https://www.instagram.com/stories/chaniabookfestival/3398783961586072973,"Ιστορία στο Instagram",,"Από την αρχή",2,0,0,,8
18008588783605970,17841454056970413,chaniabookfestival,"Chania Book Festival",,15,"06/25/2024 12:19",https://www.instagram.com/stories/chaniabookfestival/3398419450689690078,"Ιστορία στο Instagram",,"Από την αρχή",4,0,0,,20
18062281072579228,17841454056970413,chaniabookfestival,"Chania Book Festival",,15,"06/24/2024 05:20",https://www.instagram.com/stories/chaniabookfestival/3397483755523443529,"Ιστορία στο Instagram",,"Από την αρχή",1,0,0,,
18032498959886157,17841454056970413,chaniabookfestival,"Chania Book Festival",,40,"06/24/2024 03:32",https://www.instagram.com/stories/chaniabookfestival/3397430056864210902,"Ιστορία στο Instagram",,"Από την αρχή",3,0,0,,3
18006920702576649,17841454056970413,chaniabookfestival,"Chania Book Festival",,15,"06/23/2024 03:34",https://www.instagram.com/stories/chaniabookfestival/3396705718389257516,"Ιστορία στο Instagram",,"Από την αρχή",7,0,0,,
17959091633786640,17841454056970413,chaniabookfestival,"Chania Book Festival","Οι ενδιαφερόμενοι/ες γονείς/κηδεμόνες/εκπαιδευτικοί μπορούν να δηλώσουν συμμετοχή στα εργαστήρια συμπληρώνοντας τις φόρμες στο 
🚨LINK IN BIO🚨",15,"06/22/2024 07:29",https://www.instagram.com/stories/chaniabookfestival/3396099460678344943,"Ιστορία στο Instagram",,"Από την αρχή",1,0,0,,
18028839311117919,17841454056970413,chaniabookfestival,"Chania Book Festival",,10,"06/22/2024 06:30",https://www.instagram.com/stories/chaniabookfestival/3396069355465806121,"Ιστορία στο Instagram",,"Από την αρχή",1,0,0,,
18031807583042249,17841454056970413,chaniabookfestival,"Chania Book Festival",,6,"06/22/2024 05:17",https://www.instagram.com/stories/chaniabookfestival/3396032433116855841,"Ιστορία στο Instagram",,"Από την αρχή",1,0,0,,
18062688127585655,17841454056970413,chaniabookfestival,"Chania Book Festival",,10,"06/22/2024 03:59",https://www.instagram.com/stories/chaniabookfestival/3395993586077088533,"Ιστορία στο Instagram",,"Από την αρχή",1,0,0,,
17901667727919153,17841454056970413,chaniabookfestival,"Chania Book Festival",,3,"06/22/2024 03:56",https://www.instagram.com/stories/chaniabookfestival/3395991933361954923,"Ιστορία στο Instagram",,"Από την αρχή",1,0,0,,
18043719130865182,17841454056970413,chaniabookfestival,"Chania Book Festival",,12,"06/22/2024 03:51",https://www.instagram.com/stories/chaniabookfestival/3395989381329335021,"Ιστορία στο Instagram",,"Από την αρχή",2,0,0,,
17862059289168969,17841454056970413,chaniabookfestival,"Chania Book Festival",,0,"06/22/2024 01:40",https://www.instagram.com/stories/chaniabookfestival/3395923587345991125,"Ιστορία στο Instagram",,"Από την αρχή",0,0,0,,1
18350435128105016,17841454056970413,chaniabookfestival,"Chania Book Festival",,6,"06/22/2024 01:36",https://www.instagram.com/stories/chaniabookfestival/3395921623992336723,"Ιστορία στο Instagram",,"Από την αρχή",1,0,0,,
18048678994700111,17841454056970413,chaniabookfestival,"Chania Book Festival",,6,"06/22/2024 01:36",https://www.instagram.com/stories/chaniabookfestival/3395921272685810604,"Ιστορία στο Instagram",,"Από την αρχή",0,0,0,,
17957224403784575,17841454056970413,chaniabookfestival,"Chania Book Festival",,6,"06/21/2024 13:22",https://www.instagram.com/stories/chaniabookfestival/3395551850041437568,"Ιστορία στο Instagram",,"Από την αρχή",1,0,0,,
18354950464110882,17841454056970413,chaniabookfestival,"Chania Book Festival",,6,"06/21/2024 13:14",https://www.instagram.com/stories/chaniabookfestival/3395548146101860214,"Ιστορία στο Instagram",,"Από την αρχή",1,0,0,,
18341054209186103,17841454056970413,chaniabookfestival,"Chania Book Festival",,6,"06/21/2024 13:11",https://www.instagram.com/stories/chaniabookfestival/3395546583186721426,"Ιστορία στο Instagram",,"Από την αρχή",1,0,0,,
17898505304939241,17841454056970413,chaniabookfestival,"Chania Book Festival",,0,"06/21/2024 10:27",https://www.instagram.com/stories/chaniabookfestival/3395464063501974103,"Ιστορία στο Instagram",,"Από την αρχή",1,0,0,,
18443379748030150,17841454056970413,chaniabookfestival,"Chania Book Festival",,3,"06/21/2024 09:27",https://www.instagram.com/stories/chaniabookfestival/3395433618877830217,"Ιστορία στο Instagram",,"Από την αρχή",2,0,0,,
17988073763669291,17841454056970413,chaniabookfestival,"Chania Book Festival",,8,"06/21/2024 09:21",https://www.instagram.com/stories/chaniabookfestival/3395430535636678469,"Ιστορία στο Instagram",,"Από την αρχή",1,0,0,,
18121600996329811,17841454056970413,chaniabookfestival,"Chania Book Festival",,8,"06/21/2024 09:07",https://www.instagram.com/stories/chaniabookfestival/3395423617232732079,"Ιστορία στο Instagram",,"Από την αρχή",1,0,0,,
18114442726347921,17841454056970413,chaniabookfestival,"Chania Book Festival",,6,"06/21/2024 07:15",https://www.instagram.com/stories/chaniabookfestival/3395367213952353995,"Ιστορία στο Instagram",,"Από την αρχή",1,0,0,,2
18284760442202122,17841454056970413,chaniabookfestival,"Chania Book Festival",,6,"06/21/2024 07:14",https://www.instagram.com/stories/chaniabookfestival/3395366733586930231,"Ιστορία στο Instagram",,"Από την αρχή",2,0,0,,2
17975783141591091,17841454056970413,chaniabookfestival,"Chania Book Festival",,15,"06/21/2024 03:40",https://www.instagram.com/stories/chaniabookfestival/3395259077304020075,"Ιστορία στο Instagram",,"Από την αρχή",1,0,0,,
18010137824252813,17841454056970413,chaniabookfestival,"Chania Book Festival",,8,"06/20/2024 10:48",https://www.instagram.com/stories/chaniabookfestival/3394749887833796130,"Ιστορία στο Instagram",,"Από την αρχή",2,0,0,,
18003966287618717,17841454056970413,chaniabookfestival,"Chania Book Festival",,7,"06/20/2024 10:31",https://www.instagram.com/stories/chaniabookfestival/3394741274696371320,"Ιστορία στο Instagram",,"Από την αρχή",2,0,0,,
18069512434478835,17841454056970413,chaniabookfestival,"Chania Book Festival",,8,"06/20/2024 09:14",https://www.instagram.com/stories/chaniabookfestival/3394702281074249950,"Ιστορία στο Instagram",,"Από την αρχή",3,0,0,,
18017709968111454,17841454056970413,chaniabookfestival,"Chania Book Festival",,7,"06/20/2024 08:57",https://www.instagram.com/stories/chaniabookfestival/3394693815400056804,"Ιστορία στο Instagram",,"Από την αρχή",2,0,0,,
18028164257283876,17841454056970413,chaniabookfestival,"Chania Book Festival",,7,"06/20/2024 08:44",https://www.instagram.com/stories/chaniabookfestival/3394687478762924443,"Ιστορία στο Instagram",,"Από την αρχή",2,0,0,,
18001461704355056,17841454056970413,chaniabookfestival,"Chania Book Festival",,12,"06/20/2024 08:32",https://www.instagram.com/stories/chaniabookfestival/3394681178515692498,"Ιστορία στο Instagram",,"Από την αρχή",2,0,0,,
18330775843192454,17841454056970413,chaniabookfestival,"Chania Book Festival",,8,"06/20/2024 06:56",https://www.instagram.com/stories/chaniabookfestival/3394633115029935110,"Ιστορία στο Instagram",,"Από την αρχή",2,0,0,,
18031503089023815,17841454056970413,chaniabookfestival,"Chania Book Festival",,6,"06/20/2024 05:38",https://www.instagram.com/stories/chaniabookfestival/3394593842285191338,"Ιστορία στο Instagram",,"Από την αρχή",2,0,0,,
18156175606309197,17841454056970413,chaniabookfestival,"Chania Book Festival",,7,"06/20/2024 04:28",https://www.instagram.com/stories/chaniabookfestival/3394558547820991544,"Ιστορία στο Instagram",,"Από την αρχή",2,0,0,,
18060195214596543,17841454056970413,chaniabookfestival,"Chania Book Festival",,10,"06/20/2024 04:07",https://www.instagram.com/stories/chaniabookfestival/3394548104364642325,"Ιστορία στο Instagram",,"Από την αρχή",1,0,0,,
18008246837295393,17841454056970413,chaniabookfestival,"Chania Book Festival",,7,"06/20/2024 03:40",https://www.instagram.com/stories/chaniabookfestival/3394534302420190853,"Ιστορία στο Instagram",,"Από την αρχή",1,0,0,,
18092561059439682,17841454056970413,chaniabookfestival,"Chania Book Festival",,10,"06/20/2024 03:40",https://www.instagram.com/stories/chaniabookfestival/3394534035779871964,"Ιστορία στο Instagram",,"Από την αρχή",2,0,0,,
17868565776132369,17841454056970413,chaniabookfestival,"Chania Book Festival",,7,"06/20/2024 02:32",https://www.instagram.com/stories/chaniabookfestival/3394500011007093160,"Ιστορία στο Instagram",,"Από την αρχή",2,0,0,,
18051217435671444,17841454056970413,chaniabookfestival,"Chania Book Festival",,6,"06/20/2024 02:02",https://www.instagram.com/stories/chaniabookfestival/3394485164596838225,"Ιστορία στο Instagram",,"Από την αρχή",2,0,0,,
18020980049251468,17841454056970413,chaniabookfestival,"Chania Book Festival","Βιβλιοθήκες και Δημοκρατία",14,"06/20/2024 01:31",https://www.instagram.com/stories/chaniabookfestival/3394469718728440775,"Ιστορία στο Instagram",,"Από την αρχή",2,0,0,,
18444842134035199,17841454056970413,chaniabookfestival,"Chania Book Festival",,6,"06/20/2024 01:01",https://www.instagram.com/stories/chaniabookfestival/3394454122905282901,"Ιστορία στο Instagram",,"Από την αρχή",2,0,0,,
17892104877040042,17841454056970413,chaniabookfestival,"Chania Book Festival",,7,"06/20/2024 00:57",https://www.instagram.com/stories/chaniabookfestival/3394452507049661119,"Ιστορία στο Instagram",,"Από την αρχή",1,0,0,,
18060860656589353,17841454056970413,chaniabookfestival,"Chania Book Festival",,6,"06/20/2024 00:40",https://www.instagram.com/stories/chaniabookfestival/3394443755038949634,"Ιστορία στο Instagram",,"Από την αρχή",2,0,0,,
18032631995018208,17841454056970413,chaniabookfestival,"Chania Book Festival",,8,"06/20/2024 00:30",https://www.instagram.com/stories/chaniabookfestival/3394438833736239414,"Ιστορία στο Instagram",,"Από την αρχή",2,0,0,,
18092299006432921,17841454056970413,chaniabookfestival,"Chania Book Festival",,3,"06/19/2024 12:40",https://www.instagram.com/stories/chaniabookfestival/3394080975131678455,"Ιστορία στο Instagram",,"Από την αρχή",0,0,0,,
17967619865747296,17841454056970413,chaniabookfestival,"Chania Book Festival",,10,"06/19/2024 10:19",https://www.instagram.com/stories/chaniabookfestival/3394010459318455380,"Ιστορία στο Instagram",,"Από την αρχή",0,0,0,,
18027091025502447,17841454056970413,chaniabookfestival,"Chania Book Festival",,10,"06/19/2024 09:43",https://www.instagram.com/stories/chaniabookfestival/3393992480434171117,"Ιστορία στο Instagram",,"Από την αρχή",1,0,0,,
18040495747932258,17841454056970413,chaniabookfestival,"Chania Book Festival",,6,"06/19/2024 08:59",https://www.instagram.com/stories/chaniabookfestival/3393970218679252404,"Ιστορία στο Instagram",,"Από την αρχή",1,0,0,,
17849850465230404,17841454056970413,chaniabookfestival,"Chania Book Festival",,7,"06/19/2024 08:07",https://www.instagram.com/stories/chaniabookfestival/3393943851489245445,"Ιστορία στο Instagram",,"Από την αρχή",1,0,0,,
18012551345203800,17841454056970413,chaniabookfestival,"Chania Book Festival",,8,"06/19/2024 08:07",https://www.instagram.com/stories/chaniabookfestival/3393943640398127094,"Ιστορία στο Instagram",,"Από την αρχή",1,0,0,,
18078258994493913,17841454056970413,chaniabookfestival,"Chania Book Festival",,7,"06/19/2024 07:45",https://www.instagram.com/stories/chaniabookfestival/3393932982202045233,"Ιστορία στο Instagram",,"Από την αρχή",0,0,0,,
18256357351220657,17841454056970413,chaniabookfestival,"Chania Book Festival",,7,"06/19/2024 07:45",https://www.instagram.com/stories/chaniabookfestival/3393932789549234683,"Ιστορία στο Instagram",,"Από την αρχή",1,0,0,,
17994931205642055,17841454056970413,chaniabookfestival,"Chania Book Festival",,7,"06/19/2024 07:15",https://www.instagram.com/stories/chaniabookfestival/3393917976467106620,"Ιστορία στο Instagram",,"Από την αρχή",1,0,0,,
18267436375169442,17841454056970413,chaniabookfestival,"Chania Book Festival",,6,"06/19/2024 06:45",https://www.instagram.com/stories/chaniabookfestival/3393902391633003887,"Ιστορία στο Instagram",,"Από την αρχή",1,0,0,,
18084359185462899,17841454056970413,chaniabookfestival,"Chania Book Festival",,12,"06/19/2024 06:19",https://www.instagram.com/stories/chaniabookfestival/3393889494391424899,"Ιστορία στο Instagram",,"Από την αρχή",1,0,0,,
18050890372673530,17841454056970413,chaniabookfestival,"Chania Book Festival",,6,"06/19/2024 05:28",https://www.instagram.com/stories/chaniabookfestival/3393863823548136914,"Ιστορία στο Instagram",,"Από την αρχή",1,0,0,,
18029125574112507,17841454056970413,chaniabookfestival,"Chania Book Festival",,9,"06/19/2024 05:22",https://www.instagram.com/stories/chaniabookfestival/3393860957831746717,"Ιστορία στο Instagram",,"Από την αρχή",1,0,0,,
17984651354690184,17841454056970413,chaniabookfestival,"Chania Book Festival",,6,"06/19/2024 05:15",https://www.instagram.com/stories/chaniabookfestival/3393857403427601252,"Ιστορία στο Instagram",,"Από την αρχή",2,0,0,,1
18000446534394749,17841454056970413,chaniabookfestival,"Chania Book Festival",,6,"06/19/2024 05:13",https://www.instagram.com/stories/chaniabookfestival/3393856102732077026,"Ιστορία στο Instagram",,"Από την αρχή",1,0,0,,
18081909544433584,17841454056970413,chaniabookfestival,"Chania Book Festival",,10,"06/19/2024 04:39",https://www.instagram.com/stories/chaniabookfestival/3393839340204476858,"Ιστορία στο Instagram",,"Από την αρχή",1,0,0,,
17851592712219020,17841454056970413,chaniabookfestival,"Chania Book Festival",,12,"06/19/2024 02:31",https://www.instagram.com/stories/chaniabookfestival/3393774788875934244,"Ιστορία στο Instagram",,"Από την αρχή",1,0,0,,
17991802298648257,17841454056970413,chaniabookfestival,"Chania Book Festival",,6,"06/19/2024 02:23",https://www.instagram.com/stories/chaniabookfestival/3393770828840749569,"Ιστορία στο Instagram",,"Από την αρχή",1,0,0,,
17848218207233976,17841454056970413,chaniabookfestival,"Chania Book Festival",,6,"06/19/2024 02:22",https://www.instagram.com/stories/chaniabookfestival/3393770231798426925,"Ιστορία στο Instagram",,"Από την αρχή",1,0,0,,
17889719964046516,17841454056970413,chaniabookfestival,"Chania Book Festival",,7,"06/19/2024 02:18",https://www.instagram.com/stories/chaniabookfestival/3393768522636296433,"Ιστορία στο Instagram",,"Από την αρχή",1,0,0,,
17932885709854404,17841454056970413,chaniabookfestival,"Chania Book Festival",,3,"06/19/2024 02:17",https://www.instagram.com/stories/chaniabookfestival/3393767404183115762,"Ιστορία στο Instagram",,"Από την αρχή",1,0,0,,
18048942979685920,17841454056970413,chaniabookfestival,"Chania Book Festival",,6,"06/18/2024 22:57",https://www.instagram.com/stories/chaniabookfestival/3393667328953582697,"Ιστορία στο Instagram",,"Από την αρχή",1,0,0,,
18441979852061536,17841454056970413,chaniabookfestival,"Chania Book Festival",,6,"06/18/2024 22:57",https://www.instagram.com/stories/chaniabookfestival/3393667041207637531,"Ιστορία στο Instagram",,"Από την αρχή",2,0,0,,
18035005627831740,17841454056970413,chaniabookfestival,"Chania Book Festival",,9,"06/18/2024 09:07",https://www.instagram.com/stories/chaniabookfestival/3393249582499731993,"Ιστορία στο Instagram",,"Από την αρχή",2,0,0,,
18319169893178140,17841454056970413,chaniabookfestival,"Chania Book Festival",,0,"06/18/2024 07:09",https://www.instagram.com/stories/chaniabookfestival/3393190005858986600,"Ιστορία στο Instagram",,"Από την αρχή",2,0,0,,2
17913206798953708,17841454056970413,chaniabookfestival,"Chania Book Festival",,7,"06/18/2024 07:01",https://www.instagram.com/stories/chaniabookfestival/3393186085359263427,"Ιστορία στο Instagram",,"Από την αρχή",2,0,0,,
18266492830209622,17841454056970413,chaniabookfestival,"Chania Book Festival",,7,"06/18/2024 07:01",https://www.instagram.com/stories/chaniabookfestival/3393185860343143721,"Ιστορία στο Instagram",,"Από την αρχή",2,0,0,,
18031881380499700,17841454056970413,chaniabookfestival,"Chania Book Festival",,7,"06/18/2024 07:01",https://www.instagram.com/stories/chaniabookfestival/3393185707544671899,"Ιστορία στο Instagram",,"Από την αρχή",3,0,0,,
17880380388083532,17841454056970413,chaniabookfestival,"Chania Book Festival",,7,"06/18/2024 06:14",https://www.instagram.com/stories/chaniabookfestival/3393162403043661415,"Ιστορία στο Instagram",,"Από την αρχή",2,0,0,,7
18269917414234294,17841454056970413,chaniabookfestival,"Chania Book Festival",,10,"06/18/2024 02:51",https://www.instagram.com/stories/chaniabookfestival/3393060078484457255,"Ιστορία στο Instagram",,"Από την αρχή",2,0,0,,
18143273245323272,17841454056970413,chaniabookfestival,"Chania Book Festival",,8,"06/18/2024 00:49",https://www.instagram.com/stories/chaniabookfestival/3392998682824689413,"Ιστορία στο Instagram",,"Από την αρχή",2,0,0,,
18014019599185122,17841454056970413,chaniabookfestival,"Chania Book Festival",,7,"06/18/2024 00:40",https://www.instagram.com/stories/chaniabookfestival/3392994138464141108,"Ιστορία στο Instagram",,"Από την αρχή",2,0,0,,
18070738945515214,17841454056970413,chaniabookfestival,"Chania Book Festival",,3,"06/17/2024 10:35",https://www.instagram.com/stories/chaniabookfestival/3392568689900628757,"Ιστορία στο Instagram",,"Από την αρχή",2,0,0,,
17858052495187134,17841454056970413,chaniabookfestival,"Chania Book Festival",,6,"06/17/2024 05:26",https://www.instagram.com/stories/chaniabookfestival/3392413407128031918,"Ιστορία στο Instagram",,"Από την αρχή",2,0,0,,
17941735715728087,17841454056970413,chaniabookfestival,"Chania Book Festival",,8,"06/17/2024 03:58",https://www.instagram.com/stories/chaniabookfestival/3392369087008001098,"Ιστορία στο Instagram",,"Από την αρχή",3,0,0,,
18121364815365997,17841454056970413,chaniabookfestival,"Chania Book Festival",,8,"06/17/2024 03:23",https://www.instagram.com/stories/chaniabookfestival/3392351238382407007,"Ιστορία στο Instagram",,"Από την αρχή",1,0,0,,
18044623321687408,17841454056970413,chaniabookfestival,"Chania Book Festival",,13,"06/17/2024 02:54",https://www.instagram.com/stories/chaniabookfestival/3392336610923363495,"Ιστορία στο Instagram",,"Από την αρχή",1,0,0,,
17967568991757802,17841454056970413,chaniabookfestival,"Chania Book Festival",,12,"06/17/2024 01:41",https://www.instagram.com/stories/chaniabookfestival/3392300029042596249,"Ιστορία στο Instagram",,"Από την αρχή",2,0,0,,
18097385758421061,17841454056970413,chaniabookfestival,"Chania Book Festival",,7,"06/16/2024 11:07",https://www.instagram.com/stories/chaniabookfestival/3391859974763257192,"Ιστορία στο Instagram",,"Από την αρχή",2,0,0,,
17846365089224013,17841454056970413,chaniabookfestival,"Chania Book Festival",,8,"06/16/2024 08:49",https://www.instagram.com/stories/chaniabookfestival/3391790654712494291,"Ιστορία στο Instagram",,"Από την αρχή",2,0,0,,
18042381484882760,17841454056970413,chaniabookfestival,"Chania Book Festival",,7,"06/16/2024 08:42",https://www.instagram.com/stories/chaniabookfestival/3391787125012701566,"Ιστορία στο Instagram",,"Από την αρχή",3,0,0,,
17978030945573931,17841454056970413,chaniabookfestival,"Chania Book Festival",,9,"06/16/2024 07:48",https://www.instagram.com/stories/chaniabookfestival/3391759862582038984,"Ιστορία στο Instagram",,"Από την αρχή",2,0,0,,
18269684011212181,17841454056970413,chaniabookfestival,"Chania Book Festival",,9,"06/16/2024 02:57",https://www.instagram.com/stories/chaniabookfestival/3391613690559264139,"Ιστορία στο Instagram",,"Από την αρχή",2,0,0,,2
18345440203112521,17841454056970413,chaniabookfestival,"Chania Book Festival",,8,"06/15/2024 12:41",https://www.instagram.com/stories/chaniabookfestival/3391182777312413283,"Ιστορία στο Instagram",,"Από την αρχή",2,0,0,,
17955480638795027,17841454056970413,chaniabookfestival,"Chania Book Festival",,7,"06/15/2024 09:07",https://www.instagram.com/stories/chaniabookfestival/3391075135977971879,"Ιστορία στο Instagram",,"Από την αρχή",1,0,0,,
18146355325320996,17841454056970413,chaniabookfestival,"Chania Book Festival",,6,"06/15/2024 06:00",https://www.instagram.com/stories/chaniabookfestival/3390981028479962102,"Ιστορία στο Instagram",,"Από την αρχή",2,0,0,,
18004524851538656,17841454056970413,chaniabookfestival,"Chania Book Festival",,7,"06/15/2024 03:42",https://www.instagram.com/stories/chaniabookfestival/3390911205741864125,"Ιστορία στο Instagram",,"Από την αρχή",4,0,0,,6
17853829812207582,17841454056970413,chaniabookfestival,"Chania Book Festival",,10,"06/14/2024 11:36",https://www.instagram.com/stories/chaniabookfestival/3390425210336404262,"Ιστορία στο Instagram",,"Από την αρχή",2,0,0,,
18311460247144475,17841454056970413,chaniabookfestival,"Chania Book Festival",,10,"06/14/2024 07:26",https://www.instagram.com/stories/chaniabookfestival/3390299503337797851,"Ιστορία στο Instagram",,"Από την αρχή",1,0,0,,
18047138356747229,17841454056970413,chaniabookfestival,"Chania Book Festival",,7,"06/14/2024 05:01",https://www.instagram.com/stories/chaniabookfestival/3390226513975692533,"Ιστορία στο Instagram",,"Από την αρχή",1,0,0,,
18049648534707352,17841454056970413,chaniabookfestival,"Chania Book Festival",,8,"06/14/2024 03:10",https://www.instagram.com/stories/chaniabookfestival/3390170659092102029,"Ιστορία στο Instagram",,"Από την αρχή",1,0,0,,
18326420440134911,17841454056970413,chaniabookfestival,"Chania Book Festival",,6,"06/14/2024 00:32",https://www.instagram.com/stories/chaniabookfestival/3390090833937050305,"Ιστορία στο Instagram",,"Από την αρχή",1,0,0,,
18027245827951497,17841454056970413,chaniabookfestival,"Chania Book Festival",,10,"06/13/2024 11:19",https://www.instagram.com/stories/chaniabookfestival/3389691980398199951,"Ιστορία στο Instagram",,"Από την αρχή",1,0,0,,
18030726986077937,17841454056970413,chaniabookfestival,"Chania Book Festival",,6,"06/13/2024 11:05",https://www.instagram.com/stories/chaniabookfestival/3389684794221879854,"Ιστορία στο Instagram",,"Από την αρχή",1,0,0,,
18106260799398459,17841454056970413,chaniabookfestival,"Chania Book Festival",,15,"06/13/2024 10:06",https://www.instagram.com/stories/chaniabookfestival/3389655114823406923,"Ιστορία στο Instagram",,"Από την αρχή",2,0,0,,
18031119431010292,17841454056970413,chaniabookfestival,"Chania Book Festival",,5,"06/13/2024 09:15",https://www.instagram.com/stories/chaniabookfestival/3389629298194273548,"Ιστορία στο Instagram",,"Από την αρχή",1,0,0,,
18053612896651161,17841454056970413,chaniabookfestival,"Chania Book Festival",,10,"06/13/2024 06:46",https://www.instagram.com/stories/chaniabookfestival/3389554486734323523,"Ιστορία στο Instagram",,"Από την αρχή",2,0,0,,
18439631611054149,17841454056970413,chaniabookfestival,"Chania Book Festival",,9,"06/13/2024 06:17",https://www.instagram.com/stories/chaniabookfestival/3389539890245999392,"Ιστορία στο Instagram",,"Από την αρχή",2,0,0,,
18342672496112563,17841454056970413,chaniabookfestival,"Chania Book Festival",,14,"06/13/2024 06:07",https://www.instagram.com/stories/chaniabookfestival/3389535207548949511,"Ιστορία στο Instagram",,"Από την αρχή",1,0,0,,2
18099391066418242,17841454056970413,chaniabookfestival,"Chania Book Festival",,6,"06/12/2024 09:43",https://www.instagram.com/stories/chaniabookfestival/3388918951355474390,"Ιστορία στο Instagram",,"Από την αρχή",2,0,0,,
18043030033871883,17841454056970413,chaniabookfestival,"Chania Book Festival",,6,"06/12/2024 05:59",https://www.instagram.com/stories/chaniabookfestival/3388805913017272891,"Ιστορία στο Instagram",,"Από την αρχή",3,0,0,,2
18047711386758860,17841454056970413,chaniabookfestival,"Chania Book Festival",,6,"06/12/2024 04:22",https://www.instagram.com/stories/chaniabookfestival/3388757041356001471,"Ιστορία στο Instagram",,"Από την αρχή",3,0,0,,
17980408190697667,17841454056970413,chaniabookfestival,"Chania Book Festival",,9,"06/12/2024 03:39",https://www.instagram.com/stories/chaniabookfestival/3388735565127053763,"Ιστορία στο Instagram",,"Από την αρχή",3,0,0,,
18069219016478823,17841454056970413,chaniabookfestival,"Chania Book Festival",,12,"06/11/2024 23:58",https://www.instagram.com/stories/chaniabookfestival/3388624510166021657,"Ιστορία στο Instagram",,"Από την αρχή",3,0,0,,
18023588864272753,17841454056970413,chaniabookfestival,"Chania Book Festival",,8,"06/11/2024 11:47",https://www.instagram.com/stories/chaniabookfestival/3388256294317007354,"Ιστορία στο Instagram",,"Από την αρχή",1,0,0,,1
18119507308369162,17841454056970413,chaniabookfestival,"Chania Book Festival",,6,"06/11/2024 10:20",https://www.instagram.com/stories/chaniabookfestival/3388212780994818115,"Ιστορία στο Instagram",,"Από την αρχή",1,0,0,,
17847088527232562,17841454056970413,chaniabookfestival,"Chania Book Festival",,6,"06/11/2024 07:28",https://www.instagram.com/stories/chaniabookfestival/3388125955211051462,"Ιστορία στο Instagram",,"Από την αρχή",1,0,0,,1
18016592174363909,17841454056970413,chaniabookfestival,"Chania Book Festival",#ChaniaBookFestival,9,"06/11/2024 03:17",https://www.instagram.com/stories/chaniabookfestival/3388000016560957247,"Ιστορία στο Instagram",,"Από την αρχή",0,0,0,,2
17963029769637461,17841454056970413,chaniabookfestival,"Chania Book Festival","Οργανωμένες ξεναγήσεις
 για το 3ο Φεστιβάλ Βιβλίου Χανίων",0,"06/10/2024 03:47",https://www.instagram.com/stories/chaniabookfestival/3387289840488867747,"Ιστορία στο Instagram",,"Από την αρχή",2,0,0,,
17905714469975936,17841454056970413,chaniabookfestival,"Chania Book Festival",,15,"06/10/2024 01:00",https://www.instagram.com/stories/chaniabookfestival/3387206351693392174,"Ιστορία στο Instagram",,"Από την αρχή",4,0,0,,
18025647434477453,17841454056970413,chaniabookfestival,"Chania Book Festival",,0,"06/09/2024 07:09",https://www.instagram.com/stories/chaniabookfestival/3386666975875968834,"Ιστορία στο Instagram",,"Από την αρχή",3,0,0,,
18099335926416685,17841454056970413,chaniabookfestival,"Chania Book Festival",,0,"06/09/2024 02:31",https://www.instagram.com/stories/chaniabookfestival/3386526813779118807,"Ιστορία στο Instagram",,"Από την αρχή",3,0,0,,
18006840923294971,17841454056970413,chaniabookfestival,"Chania Book Festival",,15,"06/08/2024 10:30",https://www.instagram.com/stories/chaniabookfestival/3386043424319889230,"Ιστορία στο Instagram",,"Από την αρχή",2,0,0,,
18080439289480213,17841454056970413,chaniabookfestival,"Chania Book Festival",,15,"06/08/2024 09:02",https://www.instagram.com/stories/chaniabookfestival/3385999367258362131,"Ιστορία στο Instagram",,"Από την αρχή",1,0,0,,
18279517729207230,17841454056970413,chaniabookfestival,"Chania Book Festival",,15,"06/08/2024 01:18",https://www.instagram.com/stories/chaniabookfestival/3385765722186599490,"Ιστορία στο Instagram",,"Από την αρχή",1,0,0,,
18061403926517600,17841454056970413,chaniabookfestival,"Chania Book Festival",,9,"06/07/2024 10:27",https://www.instagram.com/stories/chaniabookfestival/3385316995261154207,"Ιστορία στο Instagram",,"Από την αρχή",1,0,0,,
18089848066443806,17841454056970413,chaniabookfestival,"Chania Book Festival",,15,"06/07/2024 03:43",https://www.instagram.com/stories/chaniabookfestival/3385114200931257028,"Ιστορία στο Instagram",,"Από την αρχή",1,0,0,,
18091365865439259,17841454056970413,chaniabookfestival,"Chania Book Festival",,24,"06/07/2024 03:43",https://www.instagram.com/stories/chaniabookfestival/3385113891131602697,"Ιστορία στο Instagram",,"Από την αρχή",1,0,0,,
17887427789984805,17841454056970413,chaniabookfestival,"Chania Book Festival",,15,"06/07/2024 03:30",https://www.instagram.com/stories/chaniabookfestival/3385107159919461285,"Ιστορία στο Instagram",,"Από την αρχή",1,0,0,,
18068479747479468,17841454056970413,chaniabookfestival,"Chania Book Festival",,15,"06/07/2024 03:29",https://www.instagram.com/stories/chaniabookfestival/3385106441477131531,"Ιστορία στο Instagram",,"Από την αρχή",1,0,0,,
17968339565735505,17841454056970413,chaniabookfestival,"Chania Book Festival",,15,"06/07/2024 03:02",https://www.instagram.com/stories/chaniabookfestival/3385093227381250246,"Ιστορία στο Instagram",,"Από την αρχή",1,0,0,,
18109157593384091,17841454056970413,chaniabookfestival,"Chania Book Festival",,15,"06/06/2024 11:46",https://www.instagram.com/stories/chaniabookfestival/3384632070803304568,"Ιστορία στο Instagram",,"Από την αρχή",0,0,0,,
17989055210357178,17841454056970413,chaniabookfestival,"Chania Book Festival","#chaniabookfest24 #chaniabookfestival",15,"02/02/2024 22:41",https://www.instagram.com/stories/chaniabookfestival/3294394898687517077,"IG story",,"Από την αρχή",,,0,,,5,0
17927128769826685,17841454056970413,chaniabookfestival,"Chania Book Festival",,15,"02/02/2024 08:06",https://www.instagram.com/stories/chaniabookfestival/3293954921667434401,"IG story",,"Από την αρχή",,,0,,3,15,0
18030853478020794,17841454056970413,chaniabookfestival,"Chania Book Festival",,2,"06/06/2024 04:54",https://www.instagram.com/stories/chaniabookfestival/3384424849989650223,"IG story",,"Από την αρχή",,,0,,,1,0
18042090445722074,17841454056970413,chaniabookfestival,"Chania Book Festival",,0,"06/06/2024 03:52",https://www.instagram.com/stories/chaniabookfestival/3384393551707218653,"IG story",,"Από την αρχή",,,0,,,1,0
18021739973039809,17841454056970413,chaniabookfestival,"Chania Book Festival",,15,"06/06/2024 03:01",https://www.instagram.com/stories/chaniabookfestival/3384367712026420828,"IG story",,"Από την αρχή",,,0,,,1,0
18268758337238994,17841454056970413,chaniabookfestival,"Chania Book Festival",,15,"06/05/2024 10:55",https://www.instagram.com/stories/chaniabookfestival/3383881552330110058,"IG story",,"Από την αρχή",,,0,,,0,0
18025933978964972,17841454056970413,chaniabookfestival,"Chania Book Festival",,33,"06/04/2024 21:53",https://www.instagram.com/stories/chaniabookfestival/3383488213697099966,"IG story",,"Από την αρχή",,,0,,,3,0
17895605364008412,17841454056970413,chaniabookfestival,"Chania Book Festival",,15,"06/04/2024 11:52",https://www.instagram.com/stories/chaniabookfestival/3383185706374464535,"IG story",,"Από την αρχή",,,0,,,1,0
17977143275564734,17841454056970413,chaniabookfestival,"Chania Book Festival",,30,"06/04/2024 11:52",https://www.instagram.com/stories/chaniabookfestival/3383185392598535716,"IG story",,"Από την αρχή",,,0,,,1,0
17997268634423709,17841454056970413,chaniabookfestival,"Chania Book Festival",,15,"06/04/2024 09:31",https://www.instagram.com/stories/chaniabookfestival/3383114918443342628,"IG story",,"Από την αρχή",,,0,,,1,0
18439596550030876,17841454056970413,chaniabookfestival,"Chania Book Festival",,14,"06/03/2024 10:42",https://www.instagram.com/stories/chaniabookfestival/3382425540305754151,"IG story",,"Από την αρχή",,,0,,,4,0
18045965632765647,17841454056970413,chaniabookfestival,"Chania Book Festival",,15,"06/02/2024 03:14",https://www.instagram.com/stories/chaniabookfestival/3381475168573555205,"IG story",,"Από την αρχή",,,0,,,3,0
17862477357152218,17841454056970413,chaniabookfestival,"Chania Book Festival",,15,"05/30/2024 13:01",https://www.instagram.com/stories/chaniabookfestival/3379596202103343740,"IG story",,"Από την αρχή",,,0,,,1,0
18444328012035933,17841454056970413,chaniabookfestival,"Chania Book Festival",,15,"05/30/2024 13:00",https://www.instagram.com/stories/chaniabookfestival/3379595943575006495,"IG story",,"Από την αρχή",,,0,,,1,0
18005160812577377,17841454056970413,chaniabookfestival,"Chania Book Festival",,15,"05/30/2024 13:00",https://www.instagram.com/stories/chaniabookfestival/3379595607804024764,"IG story",,"Από την αρχή",,,0,,,1,0
17977175687568615,17841454056970413,chaniabookfestival,"Chania Book Festival",,15,"05/30/2024 05:38",https://www.instagram.com/stories/chaniabookfestival/3379373633853068691,"IG story",,"Από την αρχή",,,0,,,4,0
17986791683662337,17841454056970413,chaniabookfestival,"Chania Book Festival",,0,"05/30/2024 01:20",https://www.instagram.com/stories/chaniabookfestival/3379243439368697667,"IG story",,"Από την αρχή",,,0,,,1,0
17865002622118404,17841454056970413,chaniabookfestival,"Chania Book Festival",,4,"05/29/2024 23:59",https://www.instagram.com/stories/chaniabookfestival/3379202639125327092,"IG story",,"Από την αρχή",,,0,,,1,0
18021733139227114,17841454056970413,chaniabookfestival,"Chania Book Festival",,0,"05/29/2024 08:38",https://www.instagram.com/stories/chaniabookfestival/3378739334695011395,"IG story",,"Από την αρχή",,,0,,,2,0
18337218922185114,17841454056970413,chaniabookfestival,"Chania Book Festival",,48,"05/29/2024 08:37",https://www.instagram.com/stories/chaniabookfestival/3378738665678393293,"IG story",,"Από την αρχή",,,0,,,2,0
18031687625071074,17841454056970413,chaniabookfestival,"Chania Book Festival",,4,"05/29/2024 08:29",https://www.instagram.com/stories/chaniabookfestival/3378734642694825175,"IG story",,"Από την αρχή",,,0,,,2,0
18023720801132793,17841454056970413,chaniabookfestival,"Chania Book Festival",,0,"05/24/2024 05:05",https://www.instagram.com/stories/chaniabookfestival/3375008054291503370,"IG story",,"Από την αρχή",,,0,,,4,0
18020280935218900,17841454056970413,chaniabookfestival,"Chania Book Festival",,29,"05/23/2024 13:54",https://www.instagram.com/stories/chaniabookfestival/3374549752004799895,"IG story",,"Από την αρχή",,,0,,16,5,0
18435590716055773,17841454056970413,chaniabookfestival,"Chania Book Festival",,55,"05/23/2024 13:40",https://www.instagram.com/stories/chaniabookfestival/3374543573887242953,"IG story",,"Από την αρχή",,,0,,18,7,0
18018612488256590,17841454056970413,chaniabookfestival,"Chania Book Festival",,34,"05/23/2024 13:32",https://www.instagram.com/stories/chaniabookfestival/3374538532996709918,"IG story",,"Από την αρχή",,,0,,,6,0
17917144193921426,17841454056970413,chaniabookfestival,"Chania Book Festival",,51,"05/23/2024 13:25",https://www.instagram.com/stories/chaniabookfestival/3374535457909016059,"IG story",,"Από την αρχή",,,0,,,6,0
18030886133063374,17841454056970413,chaniabookfestival,"Chania Book Festival",,25,"05/23/2024 12:13",https://www.instagram.com/stories/chaniabookfestival/3374499051971280775,"IG story",,"Από την αρχή",,,0,,,8,0
17978984645548471,17841454056970413,chaniabookfestival,"Chania Book Festival",,48,"05/23/2024 11:51",https://www.instagram.com/stories/chaniabookfestival/3374488152518536150,"IG story",,"Από την αρχή",,,0,,17,8,0
17915212838842969,17841454056970413,chaniabookfestival,"Chania Book Festival",,0,"05/23/2024 11:40",https://www.instagram.com/stories/chaniabookfestival/3374481902988793759,"IG story",,"Από την αρχή",,,0,,,6,0
18026271401114911,17841454056970413,chaniabookfestival,"Chania Book Festival",,18,"05/23/2024 11:27",https://www.instagram.com/stories/chaniabookfestival/3374475699437013458,"IG story",,"Από την αρχή",,,0,,,7,0
18101386330406350,17841454056970413,chaniabookfestival,"Chania Book Festival",,0,"05/23/2024 11:11",https://www.instagram.com/stories/chaniabookfestival/3374467627834445937,"IG story",,"Από την αρχή",,,0,,,5,0
17995306316443789,17841454056970413,chaniabookfestival,"Chania Book Festival",,0,"05/23/2024 11:08",https://www.instagram.com/stories/chaniabookfestival/3374465958224739610,"IG story",,"Από την αρχή",,,0,,,5,0
18018958442468369,17841454056970413,chaniabookfestival,"Chania Book Festival",,0,"05/23/2024 10:50",https://www.instagram.com/stories/chaniabookfestival/3374456985199054222,"IG story",,"Από την αρχή",,,0,,,7,0
18233228797256002,17841454056970413,chaniabookfestival,"Chania Book Festival",,0,"05/23/2024 10:32",https://www.instagram.com/stories/chaniabookfestival/3374447773341564614,"IG story",,"Από την αρχή",,,0,,17,8,0
18035532493784716,17841454056970413,chaniabookfestival,"Chania Book Festival",,0,"05/23/2024 10:15",https://www.instagram.com/stories/chaniabookfestival/3374439304102258120,"IG story",,"Από την αρχή",,,0,,17,9,0
18102409390397769,17841454056970413,chaniabookfestival,"Chania Book Festival",,20,"05/23/2024 09:03",https://www.instagram.com/stories/chaniabookfestival/3374403460326854673,"IG story",,"Από την αρχή",,,0,,,4,0
18012291527175501,17841454056970413,chaniabookfestival,"Chania Book Festival",,2,"05/23/2024 04:59",https://www.instagram.com/stories/chaniabookfestival/3374280409908121307,"IG story",,"Από την αρχή",,,0,,,4,0
17847947802215456,17841454056970413,chaniabookfestival,"Chania Book Festival",,0,"05/22/2024 23:38",https://www.instagram.com/stories/chaniabookfestival/3374118562118719791,"IG story",,"Από την αρχή",,,0,,,2,0
18009970397392918,17841454056970413,chaniabookfestival,"Chania Book Festival",,0,"05/22/2024 22:21",https://www.instagram.com/stories/chaniabookfestival/3374079892925761518,"IG story",,"Από την αρχή",,,0,,,2,0
18306449437157696,17841454056970413,chaniabookfestival,"Chania Book Festival",,0,"05/22/2024 21:00",https://www.instagram.com/stories/chaniabookfestival/3374039120860126052,"IG story",,"Από την αρχή",,,0,,,2,0
18002596886606204,17841454056970413,chaniabookfestival,"Chania Book Festival",,0,"05/22/2024 13:45",https://www.instagram.com/stories/chaniabookfestival/3373820457154395153,"IG story",,"Από την αρχή",,,0,,,2,0
18123726952361611,17841454056970413,chaniabookfestival,"Chania Book Festival",,0,"05/22/2024 13:41",https://www.instagram.com/stories/chaniabookfestival/3373818451396293837,"IG story",,"Από την αρχή",,,0,,,3,0
18056155834591125,17841454056970413,chaniabookfestival,"Chania Book Festival",,0,"05/22/2024 13:41",https://www.instagram.com/stories/chaniabookfestival/3373818202648899907,"IG story",,"Από την αρχή",,,0,,,5,0
18057953605594795,17841454056970413,chaniabookfestival,"Chania Book Festival",,0,"05/22/2024 09:12",https://www.instagram.com/stories/chaniabookfestival/3373682638339570409,"IG story",,"Από την αρχή",,,0,,,3,0
18058008760596329,17841454056970413,chaniabookfestival,"Chania Book Festival",,0,"05/22/2024 09:11",https://www.instagram.com/stories/chaniabookfestival/3373682504180597586,"IG story",,"Από την αρχή",,,0,,,3,0
18051361888653781,17841454056970413,chaniabookfestival,"Chania Book Festival",,0,"05/22/2024 04:52",https://www.instagram.com/stories/chaniabookfestival/3373551728013143981,"IG story",,"Από την αρχή",,,0,,2,4,0
18027084022922835,17841454056970413,chaniabookfestival,"Chania Book Festival",,19,"05/22/2024 04:40",https://www.instagram.com/stories/chaniabookfestival/3373545692460105540,"IG story",,"Από την αρχή",,,0,,2,4,0
18015133664344650,17841454056970413,chaniabookfestival,"Chania Book Festival",,15,"05/20/2024 05:41",https://www.instagram.com/stories/chaniabookfestival/3372127446284424506,"IG story",,"Από την αρχή",,,0,,2,6,0
18016533059197105,17841454056970413,chaniabookfestival,"Chania Book Festival",,15,"04/29/2024 09:28",https://www.instagram.com/stories/chaniabookfestival/3357021003516727163,"IG story",,"Από την αρχή",,,0,,,4,0
17925227828857227,17841454056970413,chaniabookfestival,"Chania Book Festival",,15,"04/27/2024 08:19",https://www.instagram.com/stories/chaniabookfestival/3355536692724563390,"IG story",,"Από την αρχή",,,0,,1,4,0
18016003574072021,17841454056970413,chaniabookfestival,"Chania Book Festival",,15,"04/26/2024 07:47",https://www.instagram.com/stories/chaniabookfestival/3354796403001079061,"IG story",,"Από την αρχή",,,0,,1,3,0
17889528048013231,17841454056970413,chaniabookfestival,"Chania Book Festival",,5,"04/26/2024 07:46",https://www.instagram.com/stories/chaniabookfestival/3354795313186479645,"IG story",,"Από την αρχή",,,0,,1,2,0
17986258739644151,17841454056970413,chaniabookfestival,"Chania Book Festival",,15,"04/25/2024 22:32",https://www.instagram.com/stories/chaniabookfestival/3354516682149418845,"IG story",,"Από την αρχή",,,0,,,1,0
18084250021444965,17841454056970413,chaniabookfestival,"Chania Book Festival",,15,"04/25/2024 22:31",https://www.instagram.com/stories/chaniabookfestival/3354516343199362944,"IG story",,"Από την αρχή",,,0,,,1,0
17968946426599243,17841454056970413,chaniabookfestival,"Chania Book Festival",,15,"04/25/2024 07:18",https://www.instagram.com/stories/chaniabookfestival/3354057174738295952,"IG story",,"Από την αρχή",,,0,,1,2,0
18085865425443087,17841454056970413,chaniabookfestival,"Chania Book Festival",,15,"04/24/2024 07:40",https://www.instagram.com/stories/chaniabookfestival/3353342769893575334,"IG story",,"Από την αρχή",,,0,,,3,0
17935458629826366,17841454056970413,chaniabookfestival,"Chania Book Festival",,15,"04/24/2024 07:17",https://www.instagram.com/stories/chaniabookfestival/3353331399236096682,"IG story",,"Από την αρχή",,,0,,1,4,0
17855396736160286,17841454056970413,chaniabookfestival,"Chania Book Festival",,15,"04/23/2024 12:28",https://www.instagram.com/stories/chaniabookfestival/3352763043010250709,"IG story",,"Από την αρχή",,,0,,,2,0
18046012300729197,17841454056970413,chaniabookfestival,"Chania Book Festival",,15,"04/23/2024 08:34",https://www.instagram.com/stories/chaniabookfestival/3352645155770483541,"IG story",,"Από την αρχή",,,0,,,2,0
18006284885228265,17841454056970413,chaniabookfestival,"Chania Book Festival",,15,"04/23/2024 08:33",https://www.instagram.com/stories/chaniabookfestival/3352644589841467192,"IG story",,"Από την αρχή",,,0,,,2,0
18127557694338608,17841454056970413,chaniabookfestival,"Chania Book Festival",,15,"04/23/2024 05:35",https://www.instagram.com/stories/chaniabookfestival/3352556217231992284,"IG story",,"Από την αρχή",,,0,,,1,0
18023506357922468,17841454056970413,chaniabookfestival,"Chania Book Festival",,15,"04/22/2024 23:05",https://www.instagram.com/stories/chaniabookfestival/3352358892794342070,"IG story",,"Από την αρχή",,,0,,,1,0
18054158332608141,17841454056970413,chaniabookfestival,"Chania Book Festival",,15,"04/22/2024 23:04",https://www.instagram.com/stories/chaniabookfestival/3352358202017754015,"IG story",,"Από την αρχή",,,0,,,1,0
18072272632494347,17841454056970413,chaniabookfestival,"Chania Book Festival",,15,"04/22/2024 23:03",https://www.instagram.com/stories/chaniabookfestival/3352357761389194692,"IG story",,"Από την αρχή",,,0,,,1,0
18046027990736936,17841454056970413,chaniabookfestival,"Chania Book Festival",,15,"04/22/2024 23:01",https://www.instagram.com/stories/chaniabookfestival/3352357096374079294,"IG story",,"Από την αρχή",,,0,,1,2,0
17892968564939569,17841454056970413,chaniabookfestival,"Chania Book Festival",,15,"04/22/2024 08:20",https://www.instagram.com/stories/chaniabookfestival/3351913488705402241,"IG story",,"Από την αρχή",,,0,,1,3,0
18434190865055686,17841454056970413,chaniabookfestival,"Chania Book Festival",,15,"04/21/2024 23:26",https://www.instagram.com/stories/chaniabookfestival/3351644917588986670,"IG story",,"Από την αρχή",,,0,,,1,0
17898333938986821,17841454056970413,chaniabookfestival,"Chania Book Festival",,15,"04/21/2024 23:26",https://www.instagram.com/stories/chaniabookfestival/3351644490818429685,"IG story",,"Από την αρχή",,,0,,,1,0
18031055758810573,17841454056970413,chaniabookfestival,"Chania Book Festival",,15,"04/21/2024 08:44",https://www.instagram.com/stories/chaniabookfestival/3351200860626560309,"IG story",,"Από την αρχή",,,0,,,2,0
18334389319136820,17841454056970413,chaniabookfestival,"Chania Book Festival",,15,"04/21/2024 08:42",https://www.instagram.com/stories/chaniabookfestival/3351199764394904822,"IG story",,"Από την αρχή",,,0,,,2,0
18047627818643594,17841454056970413,chaniabookfestival,"Chania Book Festival",,15,"04/21/2024 06:46",https://www.instagram.com/stories/chaniabookfestival/3351141120726814399,"IG story",,"Από την αρχή",,,0,,1,4,0
17923516850890138,17841454056970413,chaniabookfestival,"Chania Book Festival",,15,"04/20/2024 02:53",https://www.instagram.com/stories/chaniabookfestival/3350300062933620680,"IG story",,"Από την αρχή",,,0,,1,2,0
18038654455836162,17841454056970413,chaniabookfestival,"Chania Book Festival",,5,"04/20/2024 02:51",https://www.instagram.com/stories/chaniabookfestival/3350298366077709493,"IG story",,"Από την αρχή",,,0,,1,2,0
17941820879807250,17841454056970413,chaniabookfestival,"Chania Book Festival",,15,"04/19/2024 07:39",https://www.instagram.com/stories/chaniabookfestival/3349718455407358376,"IG story",,"Από την αρχή",,,0,,2,2,0
18026518067055631,17841454056970413,chaniabookfestival,"Chania Book Festival",,15,"04/18/2024 13:55",https://www.instagram.com/stories/chaniabookfestival/3349182890668774943,"IG story",,"Από την αρχή",,,0,,,2,0
18050105716623696,17841454056970413,chaniabookfestival,"Chania Book Festival",,15,"04/18/2024 07:36",https://www.instagram.com/stories/chaniabookfestival/3348992110108929791,"IG story",,"Από την αρχή",,,0,,1,3,0
18104717278384556,17841454056970413,chaniabookfestival,"Chania Book Festival",,15,"04/17/2024 03:19",https://www.instagram.com/stories/chaniabookfestival/3348139076470467251,"IG story",,"Από την αρχή",,,0,,1,2,0
18423321796002784,17841454056970413,chaniabookfestival,"Chania Book Festival",,5,"04/17/2024 03:07",https://www.instagram.com/stories/chaniabookfestival/3348132054710660160,"IG story",,"Από την αρχή",,,0,,1,5,0
17960651693746131,17841454056970413,chaniabookfestival,"Chania Book Festival",,15,"04/16/2024 00:24",https://www.instagram.com/stories/chaniabookfestival/3347324937133286781,"IG story",,"Από την αρχή",,,0,,1,2,0
17930618387755257,17841454056970413,chaniabookfestival,"Chania Book Festival",,15,"04/15/2024 11:37",https://www.instagram.com/stories/chaniabookfestival/3346939168288421255,"IG story",,"Από την αρχή",,,0,,,3,0
18039859360663882,17841454056970413,chaniabookfestival,"Chania Book Festival",,15,"04/14/2024 01:08",https://www.instagram.com/stories/chaniabookfestival/3345898437431501724,"IG story",,"Από την αρχή",,,0,,4,6,0
18040118176813082,17841454056970413,chaniabookfestival,"Chania Book Festival",,5,"04/14/2024 01:06",https://www.instagram.com/stories/chaniabookfestival/3345896623394853341,"IG story",,"Από την αρχή",,,0,,3,7,0
18025124047889406,17841454056970413,chaniabookfestival,"Chania Book Festival",,15,"04/13/2024 03:53",https://www.instagram.com/stories/chaniabookfestival/3345256102431460475,"IG story",,"Από την αρχή",,,0,,,2,0
18024940361080722,17841454056970413,chaniabookfestival,"Chania Book Festival",,15,"04/13/2024 00:53",https://www.instagram.com/stories/chaniabookfestival/3345165770872231072,"IG story",,"Από την αρχή",,,0,,,2,0
18431330197051687,17841454056970413,chaniabookfestival,"Chania Book Festival",,15,"04/13/2024 00:53",https://www.instagram.com/stories/chaniabookfestival/3345165554949441824,"IG story",,"Από την αρχή",,,0,,,2,0
17919506846897866,17841454056970413,chaniabookfestival,"Chania Book Festival",,15,"04/13/2024 00:35",https://www.instagram.com/stories/chaniabookfestival/3345156603197407083,"IG story",,"Από την αρχή",,,0,,1,2,0
17877168996061189,17841454056970413,chaniabookfestival,"Chania Book Festival",,15,"04/12/2024 22:43",https://www.instagram.com/stories/chaniabookfestival/3345099943938421551,"IG story",,"Από την αρχή",,,0,,,1,0
18022624063925560,17841454056970413,chaniabookfestival,"Chania Book Festival",,15,"04/12/2024 22:42",https://www.instagram.com/stories/chaniabookfestival/3345099625448199433,"IG story",,"Από την αρχή",,,0,,,1,0
18023803673029820,17841454056970413,chaniabookfestival,"Chania Book Festival",,15,"04/12/2024 13:14",https://www.instagram.com/stories/chaniabookfestival/3344813696599716333,"IG story",,"Από την αρχή",,,0,,,1,0
18055270687586660,17841454056970413,chaniabookfestival,"Chania Book Festival",,15,"04/12/2024 12:50",https://www.instagram.com/stories/chaniabookfestival/3344801345196389005,"IG story",,"Από την αρχή",,,0,,1,2,0
18090629863387474,17841454056970413,chaniabookfestival,"Chania Book Festival",,15,"04/12/2024 09:02",https://www.instagram.com/stories/chaniabookfestival/3344687723513580361,"IG story",,"Από την αρχή",,,0,,,4,0
18047025352655288,17841454056970413,chaniabookfestival,"Chania Book Festival",,15,"04/11/2024 09:09",https://www.instagram.com/stories/chaniabookfestival/3343965656480740883,"IG story",,"Από την αρχή",,,0,,1,2,0
18033141076752777,17841454056970413,chaniabookfestival,"Chania Book Festival",,15,"04/11/2024 03:53",https://www.instagram.com/stories/chaniabookfestival/3343806506089960815,"IG story",,"Από την αρχή",,,0,,1,1,0
17906974331949342,17841454056970413,chaniabookfestival,"Chania Book Festival",,15,"04/10/2024 12:19",https://www.instagram.com/stories/chaniabookfestival/3343336512701784543,"IG story",,"Από την αρχή",,,0,,2,10,0
18021724502280948,17841454056970413,chaniabookfestival,"Chania Book Festival",,5,"04/10/2024 12:18",https://www.instagram.com/stories/chaniabookfestival/3343336032227412678,"IG story",,"Από την αρχή",,,0,,3,8,0
18318212962123297,17841454056970413,chaniabookfestival,"Chania Book Festival",,2,"04/05/2024 07:44",https://www.instagram.com/stories/chaniabookfestival/3339574144988839113,"IG story",,"Από την αρχή",,,0,,,1,0
17974428209691929,17841454056970413,chaniabookfestival,"Chania Book Festival",,3,"04/05/2024 07:44",https://www.instagram.com/stories/chaniabookfestival/3339573977803727775,"IG story",,"Από την αρχή",,,0,,,1,0
18308683501183718,17841454056970413,chaniabookfestival,"Chania Book Festival",,15,"04/05/2024 07:42",https://www.instagram.com/stories/chaniabookfestival/3339573306052408588,"IG story",,"Από την αρχή",,,0,,,1,0
17927275661848292,17841454056970413,chaniabookfestival,"Chania Book Festival",,15,"04/05/2024 05:08",https://www.instagram.com/stories/chaniabookfestival/3339495794341459273,"IG story",,"Από την αρχή",,,0,,,1,0
17850716580143853,17841454056970413,chaniabookfestival,"Chania Book Festival",,15,"04/05/2024 05:06",https://www.instagram.com/stories/chaniabookfestival/3339494597807066881,"IG story",,"Από την αρχή",,,0,,,1,0
18004981919208796,17841454056970413,chaniabookfestival,"Chania Book Festival",,15,"04/05/2024 04:28",https://www.instagram.com/stories/chaniabookfestival/3339475442663958399,"IG story",,"Από την αρχή",,,0,,2,3,0
18064901392520053,17841454056970413,chaniabookfestival,"Chania Book Festival",,15,"04/05/2024 00:59",https://www.instagram.com/stories/chaniabookfestival/3339370375885665861,"IG story",,"Από την αρχή",,,0,,,2,0
18020807926946606,17841454056970413,chaniabookfestival,"Chania Book Festival",,15,"04/04/2024 02:05",https://www.instagram.com/stories/chaniabookfestival/3338678879163342796,"IG story",,"Από την αρχή",,,0,,,2,0
18019253972506141,17841454056970413,chaniabookfestival,"Chania Book Festival",,15,"04/04/2024 01:54",https://www.instagram.com/stories/chaniabookfestival/3338673263334284343,"IG story",,"Από την αρχή",,,0,,,4,0
18020312021151443,17841454056970413,chaniabookfestival,"Chania Book Festival",,15,"04/03/2024 09:23",https://www.instagram.com/stories/chaniabookfestival/3338174482834674539,"IG story",,"Από την αρχή",,,0,,4,7,0
18218984803276021,17841454056970413,chaniabookfestival,"Chania Book Festival",,15,"03/15/2024 14:17",https://www.instagram.com/stories/chaniabookfestival/3324551647223215126,"IG story",,"Από την αρχή",,,0,,,1,0
17968281332577589,17841454056970413,chaniabookfestival,"Chania Book Festival",,15,"03/14/2024 23:37",https://www.instagram.com/stories/chaniabookfestival/3324108752812079807,"IG story",,"Από την αρχή",,,0,,,1,0
18445201819012879,17841454056970413,chaniabookfestival,"Chania Book Festival",,15,"03/14/2024 23:27",https://www.instagram.com/stories/chaniabookfestival/3324103452981907157,"IG story",,"Από την αρχή",,,0,,,1,0
18042872383710390,17841454056970413,chaniabookfestival,"Chania Book Festival",,15,"03/14/2024 23:24",https://www.instagram.com/stories/chaniabookfestival/3324102388098406245,"IG story",,"Από την αρχή",,,0,,,1,0
18010951247465400,17841454056970413,chaniabookfestival,"Chania Book Festival",,29,"03/14/2024 08:33",https://www.instagram.com/stories/chaniabookfestival/3323654092959687006,"IG story",,"Από την αρχή",,,0,,38,12,0
18247137181219254,17841454056970413,chaniabookfestival,"Chania Book Festival",,2,"03/12/2024 10:35",https://www.instagram.com/stories/chaniabookfestival/3322265363367938292,"IG story",,"Από την αρχή",,,0,,,1,0
17873957931061668,17841454056970413,chaniabookfestival,"Chania Book Festival",,2,"03/12/2024 07:53",https://www.instagram.com/stories/chaniabookfestival/3322184133188507787,"IG story",,"Από την αρχή",,,0,,,2,0
18007155971346328,17841454056970413,chaniabookfestival,"Chania Book Festival",,2,"03/12/2024 07:53",https://www.instagram.com/stories/chaniabookfestival/3322183964342471081,"IG story",,"Από την αρχή",,,0,,,2,0
18019614763916587,17841454056970413,chaniabookfestival,"Chania Book Festival",,2,"03/12/2024 07:44",https://www.instagram.com/stories/chaniabookfestival/3322179627541265838,"IG story",,"Από την αρχή",,,0,,1,6,0
17938022393795812,17841454056970413,chaniabookfestival,"Chania Book Festival","ΡΕΑ ΓΑΛΑΝΑΚΗ 
Μεγάλο Βραβείο Γραμμάτων 2023 #chaniabookfestival",15,"03/07/2024 23:54",https://www.instagram.com/stories/chaniabookfestival/3319074286813269229,"IG story",,"Από την αρχή",,,0,,,3,0
18419436265052705,17841454056970413,chaniabookfestival,"Chania Book Festival","ΡΕΑ ΓΑΛΑΝΑΚΗ
Μεγάλο Βραβείο Γραμμάτων 2023 #chaniabookfestival",15,"03/07/2024 23:53",https://www.instagram.com/stories/chaniabookfestival/3319073436929702832,"IG story",,"Από την αρχή",,,0,,,1,0
18023948203847344,17841454056970413,chaniabookfestival,"Chania Book Festival","ΡΕΑ ΓΑΛΑΝΑΚΗ
Μεγάλο Βραβείο Γραμμάτων 2023",15,"03/07/2024 23:52",https://www.instagram.com/stories/chaniabookfestival/3319072918438231223,"IG story",,"Από την αρχή",,,0,,,2,0
18422859085052561,17841454056970413,chaniabookfestival,"Chania Book Festival",,15,"03/07/2024 00:22",https://www.instagram.com/stories/chaniabookfestival/3318363342982198443,"IG story",,"Από την αρχή",,,0,,2,6,0
18010034477187344,17841454056970413,chaniabookfestival,"Chania Book Festival",,0,"02/05/2024 04:06",https://www.instagram.com/stories/chaniabookfestival/3296008179218986991,"IG story",,"Από την αρχή",,,0,,,2,0
18012507905185252,17841454056970413,chaniabookfestival,"Chania Book Festival",,15,"02/05/2024 03:37",https://www.instagram.com/stories/chaniabookfestival/3295993703065311077,"IG story",,"Από την αρχή",,,0,,,2,0
18222114913254564,17841454056970413,chaniabookfestival,"Chania Book Festival",,9,"02/05/2024 02:30",https://www.instagram.com/stories/chaniabookfestival/3295959638714945716,"IG story",,"Από την αρχή",,,0,,,2,0
18105159544370956,17841454056970413,chaniabookfestival,"Chania Book Festival",,9,"02/05/2024 00:30",https://www.instagram.com/stories/chaniabookfestival/3295899590022191485,"IG story",,"Από την αρχή",,,0,,,1,0
18069302014474735,17841454056970413,chaniabookfestival,"Chania Book Festival",,9,"02/03/2024 07:35",https://www.instagram.com/stories/chaniabookfestival/3294663868028168216,"IG story",,"Από την αρχή",,,0,,,1,0
18079328890440646,17841454056970413,chaniabookfestival,"Chania Book Festival",,0,"02/03/2024 01:53",https://www.instagram.com/stories/chaniabookfestival/3294491368946187780,"IG story",,"Από την αρχή",,,0,,,3,0
18214737094273184,17841454056970413,chaniabookfestival,"Chania Book Festival","#chaniabookfest24 #chaniabookfestival",15,"02/02/2024 22:54",https://www.instagram.com/stories/chaniabookfestival/3294401729531210054,"IG story",,"Από την αρχή",,,0,,,1,0
18116757424345708,17841454056970413,chaniabookfestival,"Chania Book Festival",,15,"02/02/2024 22:50",https://www.instagram.com/stories/chaniabookfestival/3294399699261460719,"IG story",,"Από την αρχή",,,0,,,1,0
18013464587174615,17841454056970413,chaniabookfestival,"Chania Book Festival","#chaniabookfest24 #chaniabookfestival",15,"02/02/2024 22:42",https://www.instagram.com/stories/chaniabookfestival/3294395496476631534,"IG story",,"Από την αρχή",,,0,,,1,0
